chain_row,bao,supernova,growth,total
25845,9.45677700247,23.6362303747,8.66960798374,41.762615361
453,9.34391722338,22.9203706318,9.78951349955,42.0538013548
5803,6.6686305887,30.2392326104,9.84389519574,46.7517583948
3485,14.850707405,20.4626664474,8.36018736089,43.6735612132
25273,7.46277927326,25.5918334212,8.45470732929,41.5093200237
10160,6.77846802009,24.6067413266,12.374507573,43.7597169197
14593,7.93626270004,26.2879826039,11.8955800197,46.1198253236
38104,6.86815910514,22.6830545346,8.78282647845,38.3340401182
23196,8.7433316435,25.7264258536,9.40824726952,43.8780047666
39735,8.18153544426,30.4623666449,8.28208558787,46.9259876771
9610,9.00762935182,24.1259095359,10.4866326834,43.6201715711
35948,12.4664115636,23.4991079059,8.61418239184,44.5797018614
34217,7.02847581121,24.9606780815,9.73034714196,41.7195010347
32490,9.51053500018,24.4831194266,9.12331191695,43.1169663438
33664,12.7538415442,21.3613420518,8.34524824594,42.4604318419
22134,11.9671042559,23.5530113272,10.4069061838,45.9270217668
25266,6.6665497678,24.7332885435,8.44586956612,39.8457078774
4002,9.4105193006,21.3001299017,8.62693145033,39.3375806526
9705,7.59234367869,20.7503897864,9.62788522731,37.9706186924
36143,8.21879354159,27.5236728586,8.4636311182,44.2060975184
27848,9.05223854475,24.3812259974,8.64590921418,42.0793737563
13207,8.74119205666,25.5593137976,8.38648232178,42.686988176
15471,9.1223469136,24.5140051184,9.19135745586,42.8277094879
13399,7.45102121766,20.7147894291,8.54506329831,36.710873945
3398,7.08810285397,23.5667690315,13.2327917298,43.8876636153
30353,9.63465588277,24.0756846302,8.47744266662,42.1877831796
4182,6.26673966512,25.8695338981,8.06212342838,40.1983969916
39083,8.18478608473,24.2643486444,8.44983301535,40.8989677445
18844,7.87816662441,20.6388154371,10.0748348838,38.5918169453
36821,10.8877892786,25.4644473511,8.03980301889,44.3920396486
24374,11.7424357586,22.4351826767,8.3837215168,42.5613399521
9611,10.891716824,28.6536028911,7.91432514401,47.4596448592
7570,11.7304356844,25.7234516407,16.645795925,54.0996832501
5311,12.1101419607,28.1282667077,8.41195259782,48.6503612662
35202,12.4269504069,22.0549276785,8.47042778858,42.952305874
2955,15.3068072512,21.9388197496,8.10648687862,45.3521138794
3311,6.98275269971,21.9642159936,8.96381209382,37.9107807872
12636,11.3258901147,25.427254261,9.54857929493,46.3017236706
29264,9.18075919067,23.2643735655,8.99969295068,41.4448257069
3277,10.9101120002,22.9368973607,8.25152027911,42.09852964
8074,6.94003389117,23.1852090815,8.79416698887,38.9194099615
20990,6.27124602396,23.8633151738,8.52987838256,38.6644395804
2433,6.93894947055,21.3298189454,8.2575798606,36.5263482765
2721,13.0010654053,31.2311941022,8.36270047325,52.5949599807
5109,9.80866312843,24.0998397455,9.99069640048,43.8991992744
21084,5.72504450836,23.3023390922,8.4637389233,37.4911225239
20174,7.44333443213,21.9969107404,9.69555942789,39.1358046004
7293,7.50439939749,24.1889755162,8.90298779212,40.5963627058
21816,8.38297027636,24.2480356168,8.86481592109,41.4958218142
8761,7.70762203555,22.4812923441,8.53819665348,38.7271110332
26624,9.25493003612,22.2145348347,8.3772993141,39.8467641849
35469,8.88441062887,24.4640847681,10.7844941476,44.1329895445
29231,10.7292911938,21.4988899218,8.76157712803,40.9897582437
9179,20.1960048914,24.8582407143,8.7682088252,53.8224544309
13575,5.76463034102,26.1868858345,9.53226414064,41.4837803162
23691,9.33581932363,23.7917356329,9.42824456921,42.5557995257
14306,11.9981420042,21.1759508059,8.78650805082,41.9606008609
27447,11.1376850958,24.4085598058,8.79816515293,44.3444100545
22896,7.66114968962,22.5327534581,8.33818250588,38.5320856536
14246,10.5375708314,21.3171781761,8.67762719512,40.5323762026
8969,6.76959471584,22.1979942664,8.66924621186,37.6368351941
10242,8.13215961879,21.9371974388,9.62019513829,39.6895521959
11731,7.75331057574,25.8538746842,8.70666555309,42.313850813
20824,8.05029026443,27.3189633775,9.26428629301,44.633539935
18382,15.9979676311,21.897969106,8.80703247625,46.7029692134
9715,12.0013651807,20.9725407328,9.70730135985,42.6812072734
15013,8.98956531572,23.3698356375,8.18467696714,40.5440779204
17051,6.40921862794,24.0768306651,9.79460578463,40.2806550777
36541,10.3256057949,22.8752737659,8.65920703744,41.8600865982
33463,7.90634634573,21.2909584403,11.1637035283,40.3610083143
26408,10.6485168231,20.7929783704,11.6225509538,43.0640461472
10760,9.86071352027,25.2606712271,8.9658251955,44.0872099429
14776,8.54086423592,23.2401173183,9.01778654951,40.7987681037
26317,8.28187980124,22.2799258336,8.65743899332,39.2192446281
7304,13.1969784535,22.7643241288,9.43950890483,45.4008114871
7499,10.7784822307,23.169032831,9.88582218635,43.833337248
39494,14.4057153329,22.7917574579,9.13088439691,46.3283571878
23339,7.54144331025,22.4995252951,8.44830871139,38.4892773168
802,12.9436965653,21.74853943,10.2838871222,44.9761231175
33346,8.36173579582,28.4133542146,8.02320291419,44.7982929246
18866,6.37408838432,25.8446977622,9.25788954247,41.476675689
36295,8.0672169621,23.2084367974,7.8419548213,39.1176085808
15485,8.92708983551,22.7396963681,9.86689670711,41.5336829107
10428,8.23676276172,28.951812211,8.23046705404,45.4190420267
33152,10.771670192,24.8570310507,8.7841634004,44.4128646432
2632,11.8425931065,26.9960551261,9.85274233235,48.691390565
19683,8.54090407176,23.7584773196,8.0001810169,40.2995624082
17119,10.711170381,27.213765508,8.64180511077,46.5667409997
36535,6.58774427534,24.3070452716,7.84804069842,38.7428302454
30585,9.3822917244,22.5316717085,8.28772422172,40.2016876546
36244,8.32227560876,22.6705120784,16.271519517,47.2643072042
26364,12.2902364523,21.8963748222,8.54657486553,42.7331861401
23340,10.3309840008,23.7418253195,8.23729165715,42.3101009775
3486,14.6396782717,20.7304502357,8.7188762524,44.0890047597
8275,6.7780098204,22.0513891114,10.2209821916,39.0503811234
17441,8.65402626437,21.0577220074,14.4978563762,44.209604648
552,6.9261151524,22.4047621166,9.50302468681,38.8339019558
12168,7.92504555444,22.4898067579,8.21308092601,38.6279332383
17707,12.3191068163,23.3828032097,9.31223649251,45.0141465185
4731,8.92075941671,21.375190165,9.35153950022,39.6474890819
7995,6.85443579596,21.8566547198,8.42645678679,37.1375473025
9003,12.8492747771,24.1911284768,8.68884098125,45.7292442352
17346,9.09410730034,22.1946144481,10.2218437598,41.5105655082
2418,9.09041620383,32.1215148318,9.85461215831,51.0665431939
19973,8.65288576438,21.8678509382,9.94762930637,40.4683660089
13040,13.2086361874,22.8473986168,9.40729816811,45.4633329723
26162,6.95322743843,21.1817743113,8.67220949675,36.8072112464
8590,6.27557349114,27.9099191265,9.00314302122,43.1886356389
27083,11.1612957412,24.2371149329,12.1634019566,47.5618126307
23447,9.12969603384,23.8814304881,10.0625855677,43.0737120896
15896,7.16203308357,24.6661949915,8.41546725616,40.2436953312
3055,7.53008270821,25.1754568233,8.69739116981,41.4029307013
5843,6.6418251946,23.3861411887,8.84466173148,38.8726281148
32968,14.251848695,22.3130619684,12.1826814781,48.7475921414
1603,6.39552454975,21.0681184089,11.9991573014,39.4628002601
22135,12.8025386394,24.3416103734,8.28818673738,45.4323357502
11208,15.7486673828,23.0758604692,8.53729572251,47.3618235745
2948,8.89350151146,22.3493274026,8.98115922452,40.2239881386
19676,8.84799385327,23.2800558969,9.03264302697,41.1606927771
13386,8.10299538657,25.001454063,11.9037737112,45.0082231608
6674,14.3128858749,23.3455026208,8.27437090969,45.9327594054
18899,9.52197786783,22.1051388252,11.3205772797,42.9476939728
25347,9.45524665515,23.7004203033,8.86973883519,42.0254057936
10995,7.70707444042,33.6662393867,10.1295321225,51.5028459495
17786,6.41756628386,25.4672023647,8.65163292496,40.5364015735
21797,18.4089513578,21.4642101423,12.0974737455,51.9706352456
7517,6.41934955209,22.3062683325,9.9877974774,38.713415362
13270,9.90723235593,25.3383531245,9.3763793921,44.6219648725
16577,12.8514892251,21.6682631235,8.76304180463,43.2827941532
29672,8.32360502174,23.638271551,10.6618297845,42.6237063572
17450,7.99516453353,22.1317104343,10.8759911331,41.0028661009
19412,11.394114152,23.5172692761,9.01659206435,43.9279754925
12574,6.99815562819,34.1637380007,8.19052326047,49.3524168893
8548,14.0323203941,24.4821683009,10.7970756019,49.3115642969
16408,6.66007553714,22.00825306,9.475493987,38.1438225842
16840,7.85907939336,22.6047706318,9.49848822278,39.9623382479
31031,7.24582769873,21.914629013,8.21641115469,37.3768678664
32097,9.13769424431,30.3001094888,8.05174499333,47.4895487264
16868,10.6709061582,21.1340921681,12.4796381941,44.2846365204
2115,20.0967210475,23.2239438309,8.13574830227,51.4564131807
20536,6.53990198135,23.176150563,8.76285251362,38.478905058
29120,6.2377843277,24.7765438459,8.61911452746,39.6334427011
37753,12.3425835702,20.6075488036,13.4331291599,46.3832615337
5427,13.9380312563,21.9279860294,8.84267744056,44.7086947262
31565,9.01600821029,21.6941911669,9.10492873148,39.8151281086
27248,7.81473672403,22.2501571132,9.88922102258,39.9541148598
24528,11.0985168568,22.6869056488,8.69855362137,42.483976127
11069,10.8968841356,23.338881088,9.00624454309,43.2420097667
24837,7.18781609552,24.8053927269,8.26578865342,40.2589974759
32183,7.64138311308,25.6361119318,8.13807496301,41.4155700079
31021,7.45974193604,22.2411193296,9.56245471154,39.2633159771
5847,7.88399366349,22.8096685541,8.34452567587,39.0381878935
14770,13.7599106231,23.2096767948,13.6048198691,50.574407287
27147,7.57386124813,25.3939477019,8.76425601634,41.7320649664
29248,8.27097239891,23.0166476342,9.21600896019,40.5036289933
30378,11.6219639603,22.5575243107,8.34415263417,42.5236409052
38997,14.9491576213,28.7920747969,9.30913959517,53.0503720133
13770,9.08259473953,21.9943380411,10.5891306647,41.6660634453
37522,9.30467026857,21.5470964619,8.29635772447,39.1481244549
35406,9.3613127695,22.0281130045,8.40780581966,39.7972315937
23879,8.5272586733,31.5297186476,8.51419592585,48.5711732467
38660,17.9573113935,24.496494734,11.5511645074,54.0049706348
29940,9.7027029571,21.4450676501,9.65828409145,40.8060546986
22674,8.07927508156,22.857952994,8.25226391023,39.1894919858
1237,7.32473921103,22.346938186,8.70303515124,38.3747125483
5182,10.2471837839,21.4743573135,12.0343709534,43.7559120508
13714,6.76410238556,24.37041408,8.48525228272,39.6197687483
38421,8.12215118085,22.5342801537,9.50727100965,40.1637023442
2156,7.69411117242,24.1738355847,9.14532166543,41.0132684226
17720,7.2573532397,24.8760526808,8.44666874791,40.5800746684
16096,6.59265220778,27.4279168742,8.80337689836,42.8239459803
1813,9.14469037052,22.2152376936,10.8555747887,42.2155028529
5448,13.9978447796,20.73375446,8.51665531692,43.2482545565
27875,9.57048325547,23.0919976084,9.7249264642,42.3874073281
39424,8.75093993862,26.2247150001,12.221254903,47.1969098417
32829,7.51342310301,23.0646068631,8.77403910617,39.3520690723
36473,10.8835272422,25.487575462,10.656401968,47.0275046722
787,8.21812768623,20.7925016632,9.8175765432,38.8282058926
11800,5.98524459771,23.8856204037,10.1602580225,40.031123024
14534,6.68470052575,27.3146807659,8.29608557369,42.2954668653
7833,10.72415961,25.4681230923,8.65365912522,44.8459418275
22265,7.64274024266,21.5722925096,8.96850317361,38.1835359259
25102,8.88206899653,20.9839084992,10.2012858573,40.0672633531
38575,8.45924762746,22.8293733953,9.80686174163,41.0954827644
7315,12.1944920537,22.1088318795,8.20661819775,42.5099421309
13445,9.55991053124,25.0763959275,12.4967084337,47.1330148924
30682,8.62792735995,26.0113392969,8.52216232134,43.1614289782
5872,7.8996847715,21.6483876193,10.9121752565,40.4602476473
28574,9.35092752341,23.8443059285,7.89403688758,41.0892703395
22987,7.82774679646,22.3431123887,9.47335884572,39.6442180309
33815,7.06685098117,22.4135508662,9.38667936519,38.8670812125
8211,11.7947887595,24.2366787137,8.72928501987,44.7607524931
24282,12.028113642,26.5569447638,8.65893136576,47.2439897716
16453,13.8232645469,27.9530396756,11.2353643519,53.0116685744
3952,6.51494275623,29.6511128835,8.74950926029,44.9155649
35149,13.4127556574,22.0247529013,9.90240955963,45.3399181183
35186,8.83185985627,22.7894586458,8.28137258408,39.9026910861
6509,8.66654100678,21.5283266098,9.30273107848,39.4975986951
18327,11.7120530452,22.9986543935,9.16616914534,43.8768765841
8982,13.6521388035,21.5881690569,8.11902642655,43.3593342869
36139,14.3323629364,25.1516679059,8.6006424948,48.084673337
21185,9.57011492897,24.5103358757,8.70552773189,42.7859785366
37423,7.10955362634,25.1194333809,8.19121978977,40.420206797
15963,10.4641563783,25.9620585103,10.7377011016,47.1639159902
31538,7.10503064585,28.1349562077,8.09191516401,43.3319020176
7534,8.70729871987,23.0238715363,8.40711683714,40.1382870933
14368,15.5714937383,23.1667744595,9.018747886,47.7570160839
16500,10.6931616156,22.8280349916,8.25746329842,41.7786599056
19490,11.3522440802,22.5897698431,9.34337254284,43.2853864662
33372,13.6283971243,23.0747445447,8.32159065524,45.0247323242
36786,11.5795778609,20.8759655419,8.79909100683,41.2546344097
20451,9.72151753051,24.4787897065,8.53820774717,42.7385149842
8656,7.0781006613,24.7021291352,13.5747270075,45.354956804
33651,14.095316677,25.8513153956,11.1484940871,51.0951261597
4547,9.96937938649,23.2829425868,9.14794764178,42.4002696151
16689,8.95350049039,22.3396496413,8.12735957926,39.4205097109
26749,10.8991023515,21.6219706321,9.66470788001,42.1857808636
6776,13.4356108825,23.0474462037,8.57667686133,45.0597339476
7578,10.4020172629,23.8910210769,8.32605747608,42.6190958159
13793,12.3966482833,25.9801597821,8.45377172855,46.8305797939
1341,6.86920516134,22.0322000754,9.4575245605,38.3589297972
8262,9.37441763663,23.7201522452,9.73018978865,42.8247596705
32811,7.54779478433,22.3168633372,8.79458552213,38.6592436437
15721,11.2640087801,22.2501267399,8.56215595156,42.0762914715
19857,11.4972058156,21.7958960869,9.53951081428,42.8326127168
6373,5.80885175931,22.4655358273,9.16767509546,37.442062682
26730,10.2732584623,25.8000007661,9.0516285236,45.124887752
32543,8.19914215319,24.3569993642,8.64178917253,41.1979306899
27892,8.39622750555,31.8105501396,8.64645601429,48.8532336594
9337,10.8964690159,22.7312525476,8.33497004294,41.9626916064
6590,9.1039322014,26.7973419872,8.40698484134,44.3082590299
2225,9.54299366589,21.7867702875,9.95954080901,41.2893047624
36409,9.060615636,24.0658439204,8.60203392068,41.7284934771
18921,10.1383315071,22.1077002244,9.0421984955,41.288230227
30118,8.97710344099,21.7699202062,8.59788676219,39.3449104094
10694,20.3309710848,26.6645550609,11.9512752457,58.9468013913
3075,17.0504904679,22.4098548861,8.26759156562,47.7279369196
4233,20.7808374511,20.6632373235,15.966901702,57.4109764767
18637,11.1703562623,23.0599730139,8.51695364845,42.7472829247
19036,16.2506710533,23.8269208656,8.35431744839,48.4319093672
1401,9.06043450175,26.7124053154,8.45972245939,44.2325622765
20004,10.5396756809,25.5145807052,9.37237165593,45.426628042
18850,7.47400212557,20.9857163524,10.5215381205,38.9812565984
16376,13.6841458779,28.5897004438,8.10119818374,50.3750445054
10710,16.0764991183,22.0721653838,8.97342987862,47.1220943807
17674,13.8855837655,21.6575435201,10.1728076239,45.7159349095
23112,10.3526622933,23.1135529711,8.39345655955,41.8596718239
2585,7.09064283969,21.5114549541,11.7642754338,40.3663732276
10448,8.20274966691,27.9321093008,8.25941481834,44.3942737861
13147,8.03508771124,25.0746585285,9.94162888301,43.0513751228
23502,7.45257026462,21.0903676896,8.18359505851,36.7265330128
16385,12.3265494888,23.5247564346,12.1982175221,48.0495234455
8583,10.8822983198,24.1653911447,9.00663145064,44.0543209151
16666,10.1170236281,22.0105075831,9.51968822018,41.6472194314
7017,6.35379596826,27.3417596592,8.19310802203,41.8886636494
766,7.43133777993,22.8869088223,12.6473276236,42.9655742258
25234,8.25960376566,25.1916112107,8.92882983737,42.3800448137
5325,11.2395759831,21.1310186181,8.37583762877,40.74643223
8505,10.1846301557,24.6047878483,8.3226015163,43.1120195203
3111,15.3018479051,25.6249328155,9.23941630785,50.1661970284
2979,8.14123800939,21.9795561894,8.40063301675,38.5214272155
12917,10.3956441679,22.0305576783,8.52060540746,40.9468072536
4883,14.5436507274,22.7939998329,8.32223284036,45.6598834006
18775,8.6821378797,28.4185959484,10.3976632288,47.4983970569
24561,11.4532693835,22.3294530522,8.30909057171,42.0918130074
29555,16.034673366,29.3365774832,8.42977062724,53.8010214765
674,9.1282153823,22.4225120586,8.89207364757,40.4428010884
2751,10.9520663897,25.781113161,8.1950826069,44.9282621576
475,12.051865681,22.2593972623,13.5674914325,47.8787543758
23393,13.1671367169,21.439966085,8.74682624101,43.3539290429
32380,10.6646531296,21.237529466,9.69840464583,41.6005872415
11772,6.81231312134,21.8151225658,9.83833616987,38.465771857
10987,8.32910656006,23.3593679197,9.3335782803,41.02205276
36915,8.99171937373,31.488243949,8.83362425888,49.3135875816
8527,9.52569479415,31.4021908707,8.24010029051,49.1679859553
6034,7.03390772793,26.4420989041,8.48686040781,41.9628670398
406,7.33476381605,24.7768656285,12.0264286254,44.13805807
19534,8.25609154671,21.4500576645,9.91333525794,39.6194844691
22607,7.37697556802,26.3867983737,10.7274233846,44.4911973264
4852,9.40194583598,26.4292911939,9.51737568641,45.3486127163
970,10.4970725688,23.0438627937,11.1270347191,44.6679700816
92,7.86202317506,22.1652431121,13.7871005327,43.8143668198
36239,14.8276364157,22.3760239843,8.15651553408,45.3601759341
13720,9.95295696786,22.2063248407,8.73780478641,40.897086595
2444,7.6470085476,23.9541987638,8.30160586988,39.9028131812
4991,7.86207360833,23.815834459,8.83316812692,40.5110761943
32861,8.52768144195,21.0136755462,8.2548963552,37.7962533433
14898,12.2402594211,21.717057341,8.71184049579,42.6691572578
8078,10.8918053258,21.9470754942,8.03880735031,40.8776881703
20118,6.31290577471,21.0707906356,10.7016400047,38.0853364149
18676,10.8864492049,23.4801675212,9.00480554233,43.3714222684
3417,9.68069695736,22.0173823445,12.3234280974,44.0215073993
12426,13.9025618642,22.4758600517,8.58834638817,44.966768304
429,15.7384970577,23.1619196548,8.29671439072,47.1971311033
9749,16.5419490132,21.0654877121,8.3289798771,45.9364166024
38625,10.4199580196,20.7914968939,9.12414344807,40.3355983616
146,16.0362879288,24.2567737111,8.98674690814,49.2798085481
3433,11.03626227,28.3698941435,8.3959171471,47.8020735606
8292,15.3820337391,21.7185867112,9.38912621816,46.4897466685
17480,14.4215517949,23.0272648695,8.50552541602,45.9543420804
33035,9.15595485043,21.8099746098,8.44983484572,39.415764306
33935,9.46660829847,23.9264671704,10.6160195113,44.0090949802
28225,5.96923786169,21.8813087314,10.6070604452,38.4576070383
13406,10.0566654711,21.068449441,9.12287328935,40.2479882014
21563,14.8147357011,23.6253004823,8.49060665537,46.9306428387
666,13.0287088649,22.1607215783,8.17971537613,43.3691458194
28509,7.61420749252,21.5272186088,10.6791034767,39.820529578
11198,10.3952699956,21.6265535795,9.71463197152,41.7364555466
13730,11.4165942948,27.1860912923,12.7623246895,51.3650102765
15885,9.63565526104,25.6480826659,8.75274163757,44.0364795645
21660,8.12689649931,21.0972228302,9.37832708533,38.6024464148
15132,9.21916859077,21.5175219176,8.21171217271,38.9484026811
38197,8.6762460665,24.6567660165,9.30099983927,42.6340119222
9760,6.7275850677,22.4265659903,9.93302866565,39.0871797236
29482,12.5056590338,24.173327109,9.2455924277,45.9245785704
38897,10.7252925653,21.2567725044,9.03293460056,41.0149996703
36991,12.6128600963,23.3420080362,9.36442540155,45.319293534
5348,6.27894646282,22.2190006351,8.67924418316,37.1771912811
15042,14.9713302932,22.9726646811,9.28705872558,47.2310536998
35445,7.22515826411,22.788485923,15.7381938593,45.7518380464
28468,13.515400317,22.0795765447,8.27017156548,43.8651484272
37923,6.33271755763,21.7069055944,10.1172830687,38.1569062207
17378,8.18449230109,24.2803312903,9.68431566017,42.1491392516
3214,7.51674597051,22.6981432545,8.46964656189,38.6845357869
19751,7.01556434299,25.3278081717,9.67757324341,42.0209457581
24570,8.64623809273,21.7293340589,11.9173901933,42.292962345
26036,8.99756406697,20.7001818877,10.5755538649,40.2732998196
27759,11.5662338423,23.1540721554,8.59815180671,43.3184578044
14965,8.53902113723,26.6376117796,9.52016783028,44.6968007471
7855,8.60000389424,20.9840303578,12.1925252005,41.7765594525
33248,12.4646755663,24.7205158277,8.8386778621,46.0238692561
3906,7.48807919299,21.3796780991,8.55027089208,37.4180281842
21721,6.91861866195,27.2235050275,8.32931567865,42.4714393681
1580,10.6716632359,22.6035506685,9.10932636728,42.3845402717
30977,11.0879089506,30.7745837845,10.6133642544,52.4758569896
26080,6.59587112763,21.4815015706,10.8804710582,38.9578437564
23705,7.33830787567,21.8276394067,8.78606220605,37.9520094884
35188,10.2257952362,20.7578223614,11.6980370235,42.681654621
1781,12.5513753816,22.0809831853,8.70355361832,43.3359121852
14627,14.3086760509,23.1324686442,10.7042431704,48.1453878655
20356,5.78853799084,26.8999573201,9.14117293623,41.8296682472
21786,13.099004541,20.9414550748,8.49839813588,42.5388577516
38827,8.68454920194,29.1632988023,10.6400248179,48.4878728222
12520,10.0311314066,22.0462404035,11.9283145996,44.0056864097
11113,14.0339302561,23.2461227937,8.79138375027,46.0714368001
12873,6.99144631693,21.8304743911,9.52239278491,38.344313493
8595,10.6587529192,22.6144894867,9.39575412247,42.6689965283
16928,7.32681812167,21.1562636045,8.43019013468,36.9132718609
35864,9.11958275966,21.1236535293,9.18082258678,39.4240588757
8136,19.8561083732,25.7446428102,7.8767752122,53.4775263956
31393,17.7595196065,23.4630313891,9.08138066485,50.3039316604
16923,11.1304092426,25.9333695522,8.46863398618,45.532412781
9967,6.61761718744,21.5415163207,8.63840476182,36.79753827
25521,5.86794902079,25.0212713087,10.7029468025,41.592167132
11173,7.06625215032,22.6841685134,8.39189915995,38.1423198237
5661,12.2285064384,21.5778378881,9.53096187748,43.337306204
39706,14.0304567774,21.7968754462,9.40805003934,45.235382263
1906,8.19779005498,28.7679094553,9.42046253224,46.3861620425
38841,7.07365115535,25.2853919863,8.37076876845,40.7298119101
29830,7.7402632699,26.1007309216,8.92109295288,42.7620871444
33132,5.91345690304,22.1786702109,14.1548190195,42.2469461335
39736,8.41815070691,21.9955610102,8.55282773156,38.9665394486
8246,6.79170118136,22.3175870303,8.38744556165,37.4967337733
13516,8.89527785123,21.3114275142,9.14910680758,39.355812173
8342,12.6592004968,23.443694319,11.0798812689,47.1827760846
36009,6.21774684712,29.1894801552,9.22098445257,44.6282114549
17139,8.42698576685,24.9917979667,12.125152979,45.5439367125
224,17.3396820567,21.9358229144,8.204847501,47.4803524721
37105,7.84377621603,22.6095351465,8.87600984861,39.3293212112
15243,8.53965205004,23.1654127561,8.69976422056,40.4048290267
24110,8.07565596046,21.4902539718,9.3590010444,38.9249109766
1249,8.81143835138,23.1559759188,8.23158606191,40.1990003321
22069,11.0201310273,26.4830204598,10.5323331997,48.0354846868
4456,8.29660193695,22.1474653813,8.64452963615,39.0885969544
37497,12.8053083943,23.4138270693,9.71867207532,45.937807539
21450,7.25720379378,24.0681367084,11.4559117983,42.7812523005
1449,11.8060668495,34.5933990251,8.62674185794,55.0262077326
25523,9.20447037426,21.1904733178,9.63603175539,40.0309754475
15375,8.5604221672,22.8972628174,8.72778422995,40.1854692145
30578,8.76276561854,21.5304059071,8.08821539095,38.3813869166
26533,10.0429972796,24.90261248,10.5282644823,45.4738742419
19869,16.518452345,22.9128558561,8.70416043746,48.1354686386
34705,6.99536479363,21.1955269551,9.43481923502,37.6257109837
22840,10.3701847738,22.6787709549,10.5950418875,43.6439976162
15433,12.3681102864,22.1224100364,9.25055567661,43.7410759994
16606,14.6854831573,22.4622981083,9.70301692322,46.8507981889
35203,10.3476682734,27.0206479313,11.4306057702,48.7989219749
18744,12.0904334738,21.2598485067,9.44836148342,42.7986434639
37577,14.109914006,22.2941962307,9.93692358785,46.3410338245
17683,9.57426598698,22.5689252639,8.41108099367,40.5542722446
37009,10.4921927509,22.216117159,9.52030429777,42.2286142077
24938,6.26575694137,25.0184580841,8.0672188462,39.3514338717
29064,14.5608657619,21.7852367379,10.6015618027,46.9476643025
23956,11.5983740756,21.9897024034,9.06961502583,42.6576915049
34283,7.39645465058,22.8296080248,9.0570975931,39.2831602685
33457,6.49665237141,21.3056861882,8.57644488409,36.3787834437
6476,9.99291200441,20.6216376729,8.52231649535,39.1368661727
32499,7.82539727983,26.77532429,11.0801459127,45.6808674825
25619,12.1656337598,22.0459991417,8.40859616707,42.6202290686
1772,7.47086194034,22.278683136,9.08137705659,38.8309221329
9448,9.00529447948,23.2286075831,9.2875576061,41.5214596686
28341,10.6334020492,23.7564518811,8.54580227699,42.9356562072
27020,12.7153223396,22.6229229643,10.0338329802,45.3720782841
27704,8.47175735191,29.1595475545,13.5724076645,51.203712571
28101,11.7406676567,22.3331487909,8.50381267161,42.5776291192
34088,6.3026472727,20.7732992546,10.4639100647,37.539856592
8169,6.5354011209,23.6719018853,8.57885659828,38.7861596045
22000,7.26153154823,28.6056335343,8.58820748445,44.455372567
37133,9.97992548,28.1217430051,9.00673855116,47.1084070362
16185,6.41012302165,20.9997050075,9.62605413705,37.0358821662
19362,7.82220481637,23.3775586633,9.22524774562,40.4250112253
27057,11.9400530913,26.8295278777,8.80868824184,47.5782692108
28714,6.16836575629,21.5328972427,8.48586495946,36.1871279584
18796,9.00789461445,31.5319443478,8.23697220859,48.7768111709
20645,8.33088956858,25.7611814719,8.79722386154,42.8892949021
4621,11.5140973124,21.3610268613,8.64938791617,41.5245120898
28419,6.51829193627,28.3725045303,8.91493303981,43.8057295064
1948,10.582937503,22.209262933,8.54524370011,41.3374441361
29207,9.31076213153,21.6357202779,8.27083109335,39.2173135028
7556,10.0811383711,21.6607903603,10.1116486811,41.8535774125
2797,8.19064347322,21.4595599489,11.1635380373,40.8137414594
28453,7.93647288638,26.1979370126,9.06923986058,43.2036497595
18247,11.3676731841,23.1419822408,9.11332502817,43.6229804531
30142,10.8987523431,22.9125400431,8.4317577283,42.2430501145
39039,9.82137157551,22.643439678,9.22807656692,41.6928878205
34473,15.6929451601,21.384984148,10.2679879148,47.3459172229
8122,9.30920669402,25.4250782395,10.1736374667,44.9079224001
33984,10.5296150041,26.5147927002,8.2513130938,45.2957207981
15539,11.1493241011,22.5672966834,11.6237753443,45.3403961287
4642,13.5595944642,23.2122877472,17.8349532248,54.6068354362
21278,7.95013992789,22.8093237266,9.39968187865,40.1591455332
6587,6.07248480014,26.8773216876,14.5893787941,47.5391852818
16777,10.9946363786,22.1874402677,8.03723792964,41.2193145758
20909,10.6381520945,21.8910466466,8.14070539863,40.6699041397
2707,12.1570383736,23.091728713,8.47121171874,43.7199788053
7858,6.69444499325,23.6804927625,8.33201208156,38.7069498373
21910,10.0698882729,25.2547142205,8.32344667437,43.6480491677
16349,15.3599180978,24.6476982331,8.51935159004,48.526967921
18123,12.9451283066,23.2229533147,9.03915031007,45.2072319315
9598,6.4075580912,22.4722133013,9.16606910804,38.0458405006
31377,8.29544110558,21.139361976,10.8130302929,40.2478333744
23935,7.22949962226,21.7547711754,8.85686915381,37.8411399515
20125,8.42950735798,22.8014451192,8.24824049982,39.479192977
6703,10.1242566243,21.6932878782,8.78020850868,40.5977530111
27757,12.5286436417,22.3526708143,11.4440063866,46.3253208425
21102,12.6547276804,21.7243831881,9.11706718796,43.4961780565
6748,11.4159491275,23.1472137231,8.35411617829,42.9172790289
19940,10.0059568333,31.7512549595,8.50190568265,50.2591174754
23433,9.79169276043,22.5826201873,9.9772067025,42.3515196502
36414,11.281950414,21.9306704537,8.88783722777,42.1004580954
9219,15.4723948943,22.6051750181,8.78003015327,46.8576000656
7305,8.81200461636,25.2509582162,8.22283608366,42.2857989163
14115,7.24208211453,21.6205417996,8.41563181568,37.2782557298
4976,13.2152601713,22.2093572905,9.53946183398,44.9640792959
3122,19.1210783983,21.6398986505,9.72806164591,50.4890386948
15716,14.9368592307,25.9235194559,10.168946551,51.0293252376
17730,8.53157371161,20.8421343553,8.24309567192,37.6168037388
9510,7.76435834271,26.9419319425,14.7739721384,49.4802624236
14117,7.16895760648,27.0250753497,8.46376708819,42.6578000444
22507,12.1775397187,21.3865518455,8.46076745846,42.0248590227
10868,13.2781576939,22.2141120237,8.39428308642,43.886552804
18139,6.84327140158,26.5204295325,9.9783769226,43.3420778566
34562,15.2782285359,22.7886855635,8.07638802127,46.1433021206
19090,9.54336596881,22.369726504,8.550695602,40.4637880748
11465,12.803259538,25.9438710602,10.1743890056,48.9215196038
2926,13.7868935545,20.9473931421,8.35731165728,43.091598354
34531,7.15225653816,21.1837916034,8.61863655993,36.9546847015
30870,10.5696568971,22.0634929014,8.88832603423,41.5214758327
27099,7.35107249542,23.7455909715,8.3978781354,39.4945416024
20609,9.7384062437,26.6099340329,8.4853864481,44.8337267247
15568,7.04024227593,22.3722039071,9.08485381934,38.4973000024
19177,10.4350631773,21.3448234735,9.92869023613,41.7085768869
12710,8.02880044924,24.5584768846,8.55234714774,41.1396244816
37686,5.92751522834,24.5326240762,9.3515829165,39.8117222211
20724,13.5643151161,23.8775941195,7.97238421484,45.4142934505
23707,16.4456706698,21.2964346639,8.99285594319,46.7349612769
9172,8.9771938699,23.8838510898,8.75976675571,41.6208117154
37425,7.36308662765,22.616707073,8.75022277711,38.7300164777
7288,7.86429666006,22.6039091157,8.29339676099,38.7616025367
17165,9.68620851627,25.4135076977,8.21087759162,43.3105938056
21406,8.05802417701,20.7483606869,9.09887918534,37.9052640492
15652,11.2990773402,22.6487800684,9.30997191286,43.2578293214
7789,18.1427929711,22.7729362933,8.84200220661,49.757731471
10674,12.6142174853,25.175761465,9.08556558131,46.8755445316
32388,9.6085293696,20.8436029589,8.84413007915,39.2962624077
10860,13.8517746001,21.8454547152,8.59861859066,44.2958479059
20448,8.49302329581,23.5808744424,8.41828333466,40.4921810729
24098,9.81291510879,25.1635709686,8.59975580799,43.5762418854
26977,6.99527027012,22.1231165096,8.64655002963,37.7649368094
4559,11.8590538522,24.4783443713,8.00276031216,44.3401585356
14877,9.88536430794,23.9333930394,9.1772956226,42.9960529699
2335,9.6807849874,22.5263480406,8.78121466262,40.9883476906
6308,10.7782619523,25.7474787699,11.7503082218,48.2760489439
21893,11.9283764703,23.127100968,9.45189376532,44.5073712036
20671,11.5577649375,24.1518875142,8.1218036027,43.8314560544
16,9.48024192171,21.2383479104,11.3869580438,42.1055478759
11534,12.7067566994,22.7285683941,8.66126039668,44.0965854902
34000,5.78095973574,24.290101662,9.03416650756,39.1052279053
13511,9.15867463627,26.6090650976,8.01996507836,43.7877048122
8747,7.13247260777,22.2011819768,8.97976089866,38.3134154832
32634,9.15669403921,21.1978886246,8.57663171667,38.9312143805
2128,8.71580539317,22.8558538756,9.40661934887,40.9782786176
26400,11.5200755913,23.5225522968,8.45722459462,43.4998524827
14947,15.4632803622,21.7967537158,9.62698880147,46.8870228795
18533,10.1368823477,23.5310358033,8.62281839293,42.290736544
34518,8.98910328032,25.6825431639,8.5614408332,43.2330872774
29605,12.1677042508,25.1851862212,13.1315047426,50.4843952147
37153,18.8393077459,26.0272770504,13.0872906414,57.9538754377
16320,6.08012930587,20.9887305667,8.95397244987,36.0228323225
2489,8.14469311883,24.7351151942,9.72317201694,42.60298033
38108,11.9790455613,21.4352170856,8.54957911886,41.9638417658
10080,5.97819159792,25.2968862917,12.5803597095,43.8554375991
8477,8.41180435398,22.6310366321,8.33956546079,39.3824064468
33674,8.20543465557,20.5857276362,8.34045337255,37.1316156644
10548,7.14700766911,22.416663593,9.43269310613,38.9963643682
24918,10.7650964454,25.896012058,8.6386958126,45.299804316
688,10.5386108163,23.6301785073,8.47467363764,42.6434629612
25263,12.0197547722,22.4406905098,8.37521829517,42.8356635772
301,14.9553485428,22.6161517879,9.05496966384,46.6264699945
36243,11.1626945969,24.8402468255,8.57333211718,44.5762735396
22951,9.98067288456,23.8413211801,10.2068227024,44.028816767
36894,14.6283942844,21.2220630065,8.60551954668,44.4559768375
12966,13.6586869488,22.9979582651,8.55279399807,45.2094392119
28967,12.9737964645,23.5210294903,8.09667465844,44.5915006132
25252,6.31885119905,20.7379132764,9.42293380346,36.4796982789
14591,17.3681176976,21.931435549,8.08168201128,47.3812352579
2731,9.04469533549,20.7127525941,9.30524552183,39.0626934514
20811,12.7965232256,27.38865656,8.53473094826,48.7199107338
4325,9.37447311335,22.3923569563,9.87105711575,41.6378871854
32754,8.61212380741,21.9487239528,8.84174318352,39.4025909437
11156,8.75628760962,27.7105639571,8.9739468238,45.4407983905
28680,10.0571887445,22.2696764154,8.41951448959,40.7463796495
30955,8.0317839978,25.4319693932,11.2983918339,44.7621452249
19756,9.08946152827,24.0188836982,8.95827844758,42.066623674
23552,8.6322979888,22.8243641287,8.60900716721,40.0656692847
17288,10.8633652153,21.9911235576,8.83701869132,41.6915074643
1470,14.4104132403,25.2121724409,9.19106465345,48.8136503346
24637,8.51799871245,28.7276816151,11.64918165,48.8948619776
17026,18.7971363069,24.5353226984,8.09644390162,51.428902907
35,11.4258701975,22.321755838,8.8421379652,42.5897640007
5820,21.8482059638,21.480027552,8.55914295842,51.8873764742
26006,9.84157435752,23.3100864332,8.71332140661,41.8649821973
17475,15.116646463,21.5811727482,9.35430716782,46.052126379
22926,14.6084395637,23.0061612121,12.9790510549,50.5936518306
13542,9.9541905891,26.261571291,8.49171347011,44.7074753502
22097,10.0921257195,21.4124212166,8.66453844687,40.1690853829
19081,9.00347272086,22.1541009319,11.215555646,42.3731292988
22905,10.4184081854,23.5897474985,10.5699834583,44.5781391421
12031,11.1682134925,24.8097928534,8.39002145187,44.3680277978
3782,8.71617099261,21.4149878556,9.11791967367,39.2490785219
9907,12.8705433773,21.7338344692,10.6049802333,45.2093580798
39351,19.545692433,26.4481093722,8.83502120326,54.8288230085
10351,6.60253969509,23.2364206849,9.44749391746,39.2864542974
32806,7.13015466035,22.5343707126,9.63879156927,39.3033169422
7561,9.40845045486,22.8827251651,8.33333105293,40.6245066729
13559,11.8102521943,23.308562352,11.0007412341,46.1195557804
18563,10.5635885099,21.0306953564,9.36103465639,40.9553185226
256,9.07359845298,20.8746954497,10.1137280665,40.0620219691
32696,8.57929549175,22.4523724796,12.7398953109,43.7715632822
39594,14.8909722232,25.072847047,9.10655905349,49.0703783238
36386,6.23940981571,21.0080149,8.52811067177,35.7755353875
37957,11.3295224854,24.5006762329,8.38578069524,44.2159794136
37267,7.44979242058,22.1028743698,8.24722379729,37.7998905877
16346,7.99739488042,21.6541283794,12.626272553,42.2777958128
13919,8.42040774035,21.0902237474,8.45457613851,37.9652076263
38617,12.9234549562,24.712844486,8.54951775241,46.1858171946
21070,8.25453483539,23.7719989731,8.3921504969,40.4186843054
9535,7.38939717752,21.2692968925,8.28103862122,36.9397326913
12753,5.42775698673,22.0842932757,11.1735142794,38.6855645419
23722,9.72199333666,23.7010791644,10.0971734831,43.5202459843
17521,11.1048202816,22.1160875751,9.18764414197,42.4085519987
33013,7.40643067546,20.6134981126,10.2708953942,38.2908241823
29155,11.4913172252,22.2747524323,9.1919779844,42.9580476419
15932,13.013198492,21.1202033909,8.95013878049,43.0835406634
14705,7.3776110639,22.8532882251,8.56187517714,38.7927744661
8201,11.1459688619,22.4583938257,11.2994536044,44.9038162921
30696,8.47656053465,26.4434030812,8.82411332879,43.7440769446
27728,12.9160041736,22.5768354581,8.82294906334,44.315788695
17844,8.77669634278,23.2582090818,9.39357227151,41.4284776961
20650,8.17847057541,23.9567972906,9.7851466472,41.9204145132
16427,10.2912846555,23.6447584259,8.28062213819,42.2166652195
35707,7.78838431252,22.9672859506,8.57025247022,39.3259227334
15023,11.4645363583,26.4249420504,8.01491738098,45.9043957897
24678,8.74851743215,26.0046756499,13.3058901529,48.059083235
25804,9.56184043228,22.4734706749,8.27355826271,40.3088693699
14666,8.36304510983,27.3954390314,9.05655392634,44.8150380676
37402,9.17680257936,23.7200871783,9.07610070318,41.9729904608
8274,5.91755390151,26.3710505965,8.29598523337,40.5845897313
20572,12.7919075013,29.0501570103,9.19332603883,51.0353905505
19445,7.64524654603,24.3623962845,8.22888923829,40.2365320688
24768,14.3732451907,24.1915131615,10.5481745814,49.1129329336
9534,8.7821129635,23.5099634094,11.9741631629,44.2662395359
17003,12.3843264146,28.981885263,8.59593486291,49.9621465404
105,5.74584391369,22.7294613227,7.98600973513,36.4613149715
29975,6.41090574093,21.5437559245,8.39686695012,36.3515286155
34574,13.3572681316,38.3406085104,8.09630945967,59.7941861017
26121,9.24019962888,22.554703532,8.25804911736,40.0529522783
24286,7.86994570271,22.2188214558,9.14649002296,39.2352571814
24222,10.795535114,24.3476413625,7.92167597501,43.0648524515
11205,11.0505478258,20.8582422015,9.26002054545,41.1688105727
15409,6.51821287516,25.3814122052,8.86064240892,40.7602674892
30711,13.4877393,24.013925234,10.3382162731,47.8398808071
25547,8.11587489778,26.6792791762,15.826255962,50.621410036
22961,7.75540747247,23.3166376652,8.73530273769,39.8073478754
39306,12.694585169,23.7530101514,8.57277208561,45.020367406
32601,9.17242619349,23.6665194803,8.41596450711,41.2549101809
26027,11.0137388689,21.0567865862,10.8417410716,42.9122665267
22930,19.5454773586,23.351732512,11.9801322423,54.8773421129
37074,11.1897870775,21.6591044929,8.93126674635,41.7801583168
21895,9.49413432924,23.395314547,8.57486530014,41.4643141764
6068,6.92872839322,26.2341150856,9.31518863713,42.478032116
10460,9.86498237425,33.2837631907,9.28287034279,52.4316159077
23289,5.81603875278,23.7687920301,8.18517209776,37.7700028806
23472,10.1719548053,23.2814826995,8.44506600902,41.8985035138
27249,13.5656647998,20.7198965377,8.30808334956,42.5936446871
13034,7.20796388706,21.7117659853,10.5780215868,39.4977514592
21024,8.74577633534,30.6438658199,8.69745691471,48.0870990699
17287,13.2277653502,21.4977652722,8.19157962866,42.9171102511
15852,15.3001697398,21.1609041251,8.42231252628,44.8833863912
24679,8.44271123857,22.1502461909,8.54067025496,39.1336276844
3260,9.48074787755,25.8286423182,9.00227739967,44.3116675954
17234,13.8914308348,22.6391068037,8.77398452412,45.3045221626
5503,5.8831062065,25.4796562168,8.53857445131,39.9013368746
30369,9.10095242556,27.8344123519,9.69054472435,46.6259095018
20415,11.9371318585,22.2628961493,8.76642086974,42.9664488775
2076,6.18532579661,24.2894807368,8.28023153444,38.7550380679
23867,11.3243509145,23.3014281723,8.77256511358,43.3983442004
4530,11.9057591017,21.4211549046,8.27631730488,41.6032313112
6032,9.45965319516,23.3467285556,9.53681357242,42.3431953232
14510,17.8543385246,22.4144824337,8.91667381386,49.1854947722
24544,6.25751414961,22.992938757,9.71141302365,38.9618659302
13712,8.77417382549,30.1879648862,8.84816661878,47.8103053305
34620,10.7162266213,34.4478482157,8.91814918155,54.0822240185
31731,17.7784717773,25.2835376617,8.10025621868,51.1622656577
20402,14.4332324015,22.3340213415,12.5817180896,49.3489718326
931,17.3722182384,24.5567550532,10.3770655085,52.3060388
30747,6.09654872775,21.406242998,8.50960608998,36.0123978158
26738,9.8341104228,24.0932475643,8.959803756,42.8871617431
35795,12.1351184869,24.6151746806,9.21015954769,45.9604527152
1327,9.89536210672,22.9292500004,8.15532013138,40.9799322385
35142,12.1970094517,22.2587229918,9.45934874187,43.9150811853
4501,17.5863334053,25.4521691605,9.56253028366,52.6010328495
8120,9.57305136435,23.5076154056,10.5779782956,43.6586450656
21637,14.0718742021,21.411303124,10.2486862396,45.7318635658
5088,11.4663260514,22.9058226739,8.95255957325,43.3247082986
38468,7.38468676852,21.5048544438,8.32381513771,37.21335635
28208,10.0441249757,27.2915188631,8.44286582809,45.778509667
15542,12.2196521507,22.3464313695,11.0745177115,45.6406012317
24889,10.9499224635,23.4367909079,9.1350462437,43.5217596151
24924,7.82576683933,22.9288842763,8.3705334344,39.1251845501
9795,11.8153592083,21.3399474957,10.3244609733,43.4797676774
27129,9.71112975277,25.4879861954,8.29494570595,43.4940616541
25663,11.0118767691,23.1481732141,8.99784544649,43.1578954296
7374,9.46232137528,21.5830391213,8.46528873558,39.5106492322
9579,8.61521223025,24.4549231098,8.38879581635,41.4589311564
19010,10.1545041843,21.3858650694,8.40257710223,39.942946356
17052,12.843675567,25.5099407652,8.41722220507,46.7708385373
9515,9.55018191875,23.2261825964,11.8933067494,44.6696712645
4446,9.41980634717,24.3483667558,12.9446418502,46.7128149532
10077,9.86356049101,22.0466590839,9.42337530357,41.3335948785
8043,6.92411704096,23.3872720383,8.79106894971,39.102458029
11107,7.29536920158,21.5851066521,8.72806687302,37.6085427267
31706,13.2524316745,22.3467271527,9.88031140396,45.4794702312
1678,7.8948635493,23.1798255014,8.48975525077,39.5644443015
36979,8.82422250148,21.7775966859,9.28935811529,39.8911773026
19194,16.9489151748,26.6581319973,8.32392924477,51.9309764169
10584,10.1394829064,27.706736122,8.14960820716,45.9958272356
20539,6.20619578403,25.4630487652,8.25075507358,39.9199996228
34140,9.26536484769,22.2936893121,7.93681369024,39.4958678501
37997,15.4980091785,27.2337725688,8.66792577061,51.399707518
21167,9.53179123845,22.577270057,8.65583465102,40.7648959465
17538,7.79171384797,22.9693415989,8.42845471414,39.189510161
27821,7.89634991458,21.2786434881,8.35194337575,37.5269367784
13780,11.3177140254,22.1023134967,8.80375132122,42.2237788434
15662,12.2486202983,21.9192495255,8.36796132569,42.5358311495
29893,10.1254453072,22.3468147769,8.9073768287,41.3796369129
15882,12.7835609653,22.7252373541,8.34392779614,43.8527261156
21837,17.5999258232,23.684362492,11.1673056782,52.4515939934
20874,15.5068835439,22.2438807548,9.28293872487,47.0337030236
34318,10.8536896512,21.2551548681,8.95290117767,41.061745697
28388,12.977298866,25.1131404062,11.3830692145,49.4735084867
30871,9.44817268195,22.1471065568,11.2049346769,42.8002139157
7141,11.0392502683,27.5674700801,11.8453848663,50.4521052147
6055,7.8654557482,22.8871383602,8.69291428134,39.4455083897
15773,16.0787353759,27.0645570459,9.27036789599,52.4136603177
4012,12.8839253705,21.6111966588,8.50764234383,43.002764373
20377,12.0391281282,21.7657063519,10.8777430566,44.6825775367
5292,7.33523734035,20.9015450958,9.32005340099,37.5568358371
25648,10.8881635698,20.5998792901,8.34623100125,39.8342738611
23665,8.06099569344,22.3103693831,9.09933661918,39.4707016958
12985,8.20524160734,24.1924644467,9.30043277793,41.6981388319
22764,9.17738118358,22.2590175685,9.05030786333,40.4867066155
11204,11.9242335827,22.2484857583,11.5065124028,45.6792317438
930,8.39911873595,23.4615525611,10.8853268199,42.745998117
21591,7.24128855416,23.319753291,8.94633650782,39.507378353
3120,8.10986606161,24.6801917815,8.61544812345,41.4055059665
18448,13.5389522056,24.4018691097,8.99292658604,46.9337479013
23288,10.5389311388,21.684397543,8.47484270809,40.6981713899
21132,6.30490782729,27.6716510311,8.54109183029,42.5176506887
37559,6.74743154706,26.5876056414,9.35561534987,42.6906525383
12532,5.71092145519,21.2610820741,12.0081435365,38.9801470658
10107,12.062006387,23.5651953603,10.4380797338,46.065281481
12913,11.4646797931,23.7772932511,10.13654766,45.3785207042
5845,9.6685569718,21.8386765247,10.7129642577,42.2201977541
36227,7.74718387562,24.152379046,8.5662398521,40.4658027737
39544,16.5505250185,27.4072524533,8.88009241175,52.8378698836
29178,12.9197172802,24.6146221442,13.3109504902,50.8452899146
28749,7.03971662709,21.4102932098,8.86387794309,37.31388778
16537,17.3418114013,21.2393227062,8.86701290103,47.4481470086
9794,12.284229365,21.7888667708,8.56397866945,42.6370748053
27252,9.20074228301,23.288050977,8.64446354062,41.1332568007
27000,11.4804516214,21.5565170607,9.76567352364,42.8026422058
18947,6.59035128755,27.652393856,13.0960680843,47.3388132279
37091,8.89124068224,22.5968987723,8.12570453232,39.6138439868
9432,13.5730098452,21.7336169427,9.97965699259,45.2862837806
25171,7.33481324217,23.1673702685,8.46007747946,38.9622609902
19159,7.85448402991,23.2842264128,10.1256854732,41.264395916
27100,15.9063065388,26.9619484556,15.046955942,57.9152109364
17782,13.0430719,24.9920749375,9.15293248152,47.188079319
19604,10.5057729799,24.499871753,12.3438650828,47.3495098158
19890,11.0393068325,23.3054871887,9.85832134101,44.2031153623
25399,11.9302312722,21.3065490537,8.83926663411,42.07604696
18249,8.42869693981,22.5400872472,8.29524960527,39.2640337923
37232,7.84330319676,23.9513240209,10.7484465724,42.5430737901
1633,7.78105163093,22.3659650039,8.70718663346,38.8542032683
33484,7.55960586776,27.7527599434,14.2525334884,49.5648992996
15394,12.41854325,20.8201186657,9.49665122269,42.7353131383
33940,8.58670596845,28.0457448778,9.7810605398,46.413511386
33433,9.48156814306,22.3430921176,11.3479831086,43.1726433693
9857,7.25953195684,22.8087896401,9.50487803443,39.5731996313
18224,11.6561328447,21.8953453855,9.5672182626,43.1186964927
39781,7.20780051964,25.2629904296,9.79945122151,42.2702421708
27486,11.6459990741,24.2277103128,8.19075013413,44.064459521
9009,6.82216742495,22.6110526529,9.07387983256,38.5070999104
32732,9.96517518664,24.111295943,11.8245021717,45.9009733013
6313,8.37821418756,25.4939539762,8.76531831117,42.6374864749
32419,8.33366220744,21.9054660119,13.8516409889,44.0907692083
14698,7.7659724293,22.2607902076,8.26941610639,38.2961787433
6004,8.9704645044,20.7193010913,9.95934068641,39.6491062821
34356,7.55996343435,21.0043557677,9.66564341707,38.2299626191
4383,10.0227469724,23.1250141735,10.1476801621,43.295441308
14387,6.32217324435,22.5842498055,8.78857083713,37.694993887
11202,8.96809482893,22.939340819,9.34221328886,41.2496489368
35555,7.60817571932,23.9287346672,8.3413334505,39.878243837
38386,12.0767255832,24.5547661768,8.89784666906,45.529338429
26304,8.09451594873,21.9051942408,7.95632116487,37.9560313544
30526,12.1226345776,23.3825978434,8.4161497802,43.9213822012
34053,8.66503612288,25.3977202633,9.62340258535,43.6861589716
23601,8.29523786866,20.9488999497,9.75746424284,39.0016020612
30628,16.8815699655,20.8824532171,10.4597273728,48.2237505553
5543,6.20076526534,25.9503820649,8.58136934762,40.7325166779
27500,11.4266470545,22.9127226229,8.18874635732,42.5281160348
15850,15.2902363821,24.056719781,13.5351867782,52.8821429413
30336,6.48175855139,21.3553305425,9.33951149122,37.1766005851
15713,8.84585184995,25.7666455526,8.29068370623,42.9031811088
5533,15.1527500497,21.018927954,8.95433961863,45.1260176223
4496,7.85005390419,21.8502986327,8.7130509857,38.4134035226
3610,8.61521495542,23.7013043438,11.1279375971,43.4444568964
38260,14.7595616589,24.9138926594,8.8972331239,48.5706874422
785,8.95775365063,21.1646256283,8.72538136197,38.8477606409
11959,7.69896131209,21.6356792286,10.5025327932,39.8371733339
26488,10.300338984,24.1288787583,11.127355318,45.5565730603
32259,7.25646365719,25.3690496367,13.4393515382,46.064864832
12098,14.4620964433,22.7360260448,8.84723950747,46.0453619956
21106,5.84268725653,22.9132160962,8.39915385982,37.1550572125
29857,13.5018392172,21.3484090885,8.32145200514,43.1717003109
20522,12.3436392555,22.778941924,10.9885001883,46.1110813679
19132,10.107923961,22.5317278796,8.83229978816,41.4719516287
14398,9.39490023273,25.5717280602,8.950408268,43.9170365609
31299,9.31717292706,20.9908414728,10.1213514201,40.42936582
32267,8.01239946,23.9492585308,11.2943796114,43.2560376022
10909,11.544547499,22.6950781652,9.94634967739,44.1859753415
14305,10.2737428171,25.7725815188,8.53679878438,44.5831231202
27141,9.10528278026,23.8434602714,8.29554739886,41.2442904505
22933,14.8787333035,25.3407612508,11.9925190016,52.212013556
21592,10.1714341454,25.9182537298,11.1967796901,47.2864675653
23581,7.49760790161,21.4447282609,8.99602172859,37.9383578911
27132,8.73145300259,21.4469538147,9.29970696488,39.4781137822
33408,9.96310228436,24.7135462435,8.81256871708,43.4892172449
18585,7.70904548756,22.289014959,8.4848887172,38.4829491638
29422,11.1729300731,22.6226889807,10.1777829932,43.9734020469
3837,6.98596127794,22.2040428127,8.74285906107,37.9328631517
9661,10.0197470312,21.524571713,11.1112107706,42.6555295148
25500,12.4833542764,22.5986145299,8.5323005075,43.6142693137
35200,13.3502318786,21.4732134143,11.772702124,46.596147417
38618,9.70299732223,25.8106593695,8.45360738905,43.9672640807
15590,15.3425451783,21.4308495354,8.52598354339,45.299378257
11212,7.18099327621,20.9058650557,8.39722424121,36.4840825731
6874,7.20042807604,23.6113816219,8.62255831622,39.4343680141
9496,6.39338057342,21.8132884385,11.366691461,39.573360473
16147,8.37608987655,24.4578562188,11.2544004964,44.0883465917
6084,11.0056309354,23.6271032124,10.4675709149,45.1003050627
14846,8.23380804581,23.2988568733,8.50966582115,40.0423307403
15799,15.0791670453,22.3293209229,11.6241602041,49.0326481723
27465,6.53605639302,22.9016730677,9.76420503616,39.2019344969
16062,7.73495474578,24.0904077759,10.0113311211,41.8366936427
7310,8.24442009004,24.8347217142,7.97865718283,41.0577989871
34622,6.54378739567,24.8469059597,10.5160636588,41.9067570142
34660,11.4887275786,28.3910118732,8.44867326956,48.3284127213
5203,12.1537744703,23.643905796,10.5612229242,46.3589031904
12773,8.49136826129,21.2945156438,10.0128637062,39.7987476112
325,12.757598413,23.4630133897,7.90940993688,44.1300217396
28077,9.81155233444,21.8656104872,9.34429152811,41.0214543497
10517,17.4791616332,27.1730179292,9.57041868569,54.2225982481
1663,11.5892745818,21.8638216036,9.17423540444,42.6273315898
29862,11.8948387329,23.7444705664,9.59850069041,45.2378099896
875,8.26701846242,25.2780326082,8.29624657017,41.8412976407
38395,11.2841594136,21.3436333979,8.65851894805,41.2863117595
16979,15.3909642804,27.2324460984,8.91867156791,51.5420819466
5409,8.55188116392,22.7424711422,8.69490132243,39.9892536285
2308,10.4194949027,21.1837225922,8.53302568987,40.1362431848
23513,8.64095554373,22.4212040675,11.8998238819,42.9619834931
2351,7.1500773568,32.9974988776,11.308892115,51.4564683494
12411,8.56255604002,21.263599599,8.89168737399,38.717843013
16875,10.0175770507,22.2529216076,8.48005009333,40.7505487516
4980,8.29920343782,25.5860464885,9.11100072952,42.9962506559
12581,6.84450613462,22.290550311,9.12471230909,38.2597687547
19295,10.5681996068,22.5447176398,8.8323895832,41.9453068298
34597,8.21909308542,26.0083275107,9.07053490173,43.2979554978
37660,7.41748995585,27.096336259,8.38188332964,42.8957095445
33771,10.9753956683,26.3070964925,7.88656405447,45.1690562153
38802,7.43000868252,21.5772454616,8.20137616902,37.2086303131
28016,7.34015860374,28.868744213,8.96778206096,45.1766848777
7187,13.4941137499,20.9514027856,8.27980214867,42.7253186842
7049,9.06949020357,21.2557178227,8.95081373304,39.2760217594
14466,13.225828038,22.4181790971,8.45288284715,44.0968899823
16848,7.75512483095,21.2327811776,8.45870662976,37.4466126383
29609,13.5252751424,21.5811992231,10.0325140565,45.138988422
38611,7.67664232271,23.2988742405,9.42376911162,40.3992856748
24079,9.04326331017,25.1731559685,9.08131016313,43.2977294418
26293,12.5373716864,24.5350737353,7.44372623717,44.516171659
10251,7.1918953695,24.0061139131,10.7553142999,41.9533235824
13524,11.6416385403,28.2497511808,8.43136462856,48.3227543496
31151,11.5315389401,22.3410765771,8.66610219601,42.5387177132
15732,11.1673938089,23.7079108181,10.7304906047,45.6057952316
31894,12.4099772607,23.977540383,8.27694359763,44.6644612412
31429,13.177129383,24.965611718,9.25813443809,47.4008755391
25126,7.68910939946,21.554221737,9.07391768427,38.3172488207
26310,10.4543810095,23.5331799891,10.9458122094,44.933373208
4814,13.8506782263,28.6502058489,9.2070163051,51.7079003803
9286,7.00336425151,24.2904804641,8.38058699365,39.6744317093
36163,12.4563200514,21.0990463443,9.0553978706,42.6107642663
36708,6.48057404162,21.5896428262,14.3702222513,42.4404391191
4813,9.29378335766,21.7788138011,8.8220255454,39.8946227042
25163,6.76898484367,22.0116327523,14.0558810474,42.8364986433
8313,6.85240715137,22.1692273061,11.7141192392,40.7357536967
26477,16.3084768817,23.8283768267,10.6593697567,50.7962234652
22995,14.2637558485,24.5324421536,8.36804494429,47.1642429464
10886,9.33912281172,21.9387512784,8.35302253241,39.6308966225
2064,8.5859562377,22.2812684813,8.4638769159,39.3311016349
16789,16.8719137497,31.2225063287,10.0018912527,58.0963113311
9742,8.88082352481,27.1224870624,8.04142338058,44.0447339678
17831,17.8794471543,28.5760782394,9.22240908431,55.6779344781
38022,5.3954083416,21.4391305242,11.3414245289,38.1759633947
26963,8.82474847429,26.9292707306,8.15080543874,43.9048246436
3256,7.97202734158,20.945093746,10.9314895944,39.848610682
21050,11.7968738876,23.9605513826,9.66159517664,45.4190204469
6323,9.53297282213,25.1523405543,8.29317610454,42.978489481
33313,10.7714489307,25.2183573089,8.95622529412,44.9460315338
27204,6.80332417235,25.2017735027,10.100676121,42.1057737961
29457,8.47937163853,21.9494092674,13.2058739935,43.6346548994
22912,14.9652982754,27.4916948731,9.3842145625,51.841207711
15484,5.66804230444,23.9697764529,8.15276930646,37.7905880638
627,9.97155651721,22.5850569977,10.1469763245,42.7035898394
11239,11.8332654025,29.9063883698,8.29991937156,50.0395731439
26609,6.66552944171,23.8134396326,9.52354683076,40.0025159051
33819,12.4168677873,23.2698125959,9.56038017694,45.2470605602
26367,11.8445338071,23.8027449443,8.59609395183,44.2433727032
721,5.95949666611,24.365935122,8.76081165163,39.0862434398
30144,14.900532405,21.8737811189,10.3578251563,47.1321386803
20309,7.5582284543,23.0669085043,9.74298166004,40.3681186187
18572,9.40797922281,21.51244592,8.38743970707,39.3078648499
21510,17.658342049,24.8078534508,9.29529304652,51.7614885463
21922,11.8315104021,21.0980948811,10.7885496202,43.7181549033
15907,7.34326185938,25.2682926134,8.35237699407,40.9639314668
13257,8.15777940498,22.3007639837,9.82455065509,40.2830940438
31658,7.05778509527,28.0961294369,8.57175479026,43.7256693225
38584,10.5052949719,22.9898191918,8.86654531919,42.3616594829
31823,6.9228046398,23.4435715574,9.84083350696,40.2072097042
34305,7.37913759017,29.3621845432,8.51125431482,45.2525764482
38967,10.3526079294,29.7597960113,8.93862989476,49.0510338354
6562,10.8644570052,21.1859703118,8.69421521993,40.7446425369
27107,6.2966195604,34.624935027,8.4956920853,49.4172466727
32432,7.07640956019,27.6436728703,8.93094380295,43.6510262334
8874,13.6882972803,24.8072830999,11.5755592116,50.0711395919
13137,8.79876259013,22.6738324398,13.0076695867,44.4802646166
38440,12.0744420764,23.8171331967,9.30027278872,45.1918480617
14702,6.93415800158,23.8294327562,8.43002831314,39.1936190709
25567,12.7039739292,22.1574769686,8.54752233986,43.4089732377
14636,12.1254718348,22.0700671914,8.62065976075,42.8161987869
39851,11.6213352215,24.1337584849,8.13139782305,43.8864915294
3823,7.85726467174,23.1531274844,15.5048462053,46.5152383615
32247,8.79062701268,24.9146286125,9.86530398144,43.5705596066
3253,11.8751998106,24.9970703647,8.97023619166,45.8425063669
32338,9.44209630783,20.8355550863,9.4414548055,39.7191061996
4305,10.6735205847,22.8375478352,8.29794959369,41.8090180136
35222,9.25963906935,21.6829900775,10.3547083141,41.2973374609
23610,11.4501220842,22.5091337319,8.32558406037,42.2848398764
15756,9.01974304311,25.9176578989,9.040711075,43.9781120171
26143,7.0414037727,21.8444422384,9.45789880017,38.3437448112
38098,7.94984501584,21.69022854,9.64057437469,39.2806479305
17944,11.4533849344,21.6916186993,8.21787781503,41.3628814487
35865,12.7834748247,26.5582085765,9.84510265219,49.1867860533
4213,8.98824507709,21.8819032919,8.51525124662,39.3853996156
633,9.41089537608,24.8749271606,9.14221037553,43.4280329122
26438,7.38476095783,24.6616293575,8.37342872849,40.4198190438
31645,11.1682534213,21.9508816794,8.97353336576,42.0926684665
18361,11.7460858512,20.6812001501,9.19790874536,41.6251947467
20698,8.48690982289,21.4963408912,9.56773021458,39.5509809287
22406,8.52330282884,24.2735853326,8.21266836771,41.0095565291
12246,9.99891062217,20.9629236678,9.08477421986,40.0466085098
16474,6.30408206028,21.6098720264,8.35577043523,36.269724522
20928,9.97707718384,30.7386375013,8.27720551722,48.9929202024
25259,8.77989608138,25.0113719636,10.5249792624,44.3162473074
17654,11.1851600904,21.1963050477,10.9794920886,43.3609572267
35608,8.38049852657,24.1753352532,8.46925992394,41.0250937037
10727,13.9363610574,21.9766408234,12.7247417538,48.6377436346
1783,11.3417472684,23.1565203246,8.17830293097,42.6765705239
8066,9.22845477839,22.1942550257,9.32864100316,40.7513508072
6040,7.62330839093,21.9800498812,8.54152522055,38.1448834927
13881,8.68737399574,20.7948508183,9.29882712682,38.7810519409
37334,10.4818560541,23.4110200547,8.17258296841,42.0654590772
10061,9.79053821665,22.1295650728,16.8838624759,48.8039657654
37472,8.74450021499,21.5719348721,11.7896988975,42.1061339846
12393,12.4058566625,26.9061491644,9.3295941876,48.6416000145
27583,11.9324792618,22.3402953184,8.27196944055,42.5447440207
26325,9.06424805733,25.2191913348,7.54706214065,41.8305015328
31139,15.4353988917,25.0607460611,8.63406948718,49.13021444
32523,9.64419164675,22.826035714,9.12907993652,41.5993072972
27582,8.26222197193,25.5135126945,8.62431929712,42.4000539635
20261,9.21998455319,20.6213777317,8.38711919074,38.2284814756
29615,9.013092381,22.0238571927,8.48003480845,39.5169843822
30825,7.379791506,24.5020626487,8.15712206495,40.0389762196
32846,8.97712158498,23.5226065537,8.77484042387,41.2745685626
6131,15.0728646891,28.4055957754,7.90351535085,51.3819758153
39947,12.1958206423,21.1120223209,9.34483285016,42.6526758134
35182,12.6966128252,22.6242847163,12.6866334723,48.0075310139
4964,10.8311385734,21.9311468302,8.73879148469,41.5010768883
35643,13.049691832,22.6354240369,10.6727418549,46.3578577239
20030,8.44928764171,27.8776281811,8.20729664276,44.5342124656
4120,7.73551657471,21.7593383851,9.73766402496,39.2325189848
13991,13.4356762785,22.479743268,8.3457165151,44.2611360616
30215,6.88634935106,20.8210419762,10.483663206,38.1910545333
8193,8.06674169551,22.0292226826,13.5126347652,43.6085991433
16090,6.52293157044,22.5603014415,9.25002416532,38.3332571773
18615,8.05237466796,23.17612852,8.70762949173,39.9361326797
17872,9.10408640476,20.6156639633,8.64029243792,38.360042806
22451,13.3676082315,21.472124232,10.1033083624,44.9430408259
13461,5.4604872118,23.5731074913,9.04537789423,38.0789725973
6016,8.30941450351,24.9846974052,10.4858713276,43.7799832363
30689,8.28729852057,23.1585890025,10.6416849514,42.0875724745
4368,14.6025107585,21.5754047867,8.92875227649,45.1066678217
16771,10.3639679346,23.2783213637,8.69956275001,42.3418520483
30155,7.7993812559,23.5610487474,9.642726277,41.0031562803
38224,8.1467125122,22.3740738934,9.66576968591,40.1865560915
10483,9.93261965368,21.0950879186,8.80127198833,39.8289795606
38830,13.5060939504,23.7464516689,9.7473838159,46.9999294352
11599,8.90068131538,32.4661678715,9.72591587601,51.0927650628
10424,8.60492889943,30.6889849765,10.5706898327,49.8646037086
35988,17.3593655169,24.4788787224,9.90950986239,51.7477541017
3315,6.71699169479,24.9898385584,8.2761214547,39.9829517079
2665,7.01523382803,21.6208205586,8.61314086397,37.2491952506
5370,10.803325889,28.85858115,9.86981380131,49.5317208403
10785,9.64672893039,23.4420495941,8.18914651993,41.2779250444
36228,10.7388101718,22.4354311858,9.88582040843,43.0600617661
20610,6.9755318416,22.6348420182,10.354898616,39.9652724758
31862,6.94275109783,24.1373597537,8.24848306733,39.3285939189
7933,7.66511132408,27.2122348599,8.2995674853,43.1769136693
30579,8.00041415708,22.2163379587,8.30040856079,38.5171606766
11085,9.41304535549,22.7979988247,8.44648069555,40.6575248757
22393,9.1993523479,22.2497637154,8.94291664652,40.3920327098
4205,6.67307853125,21.8565206777,8.9880001783,37.5175993873
28128,7.43456554661,27.3322887202,8.3443861245,43.1112403913
19497,12.7280513929,21.7241763636,8.64207117485,43.0942989314
39912,8.20375547836,27.3954398509,8.59067143797,44.1898667672
88,8.03472641219,21.2787834584,8.87975239003,38.1932622606
24277,11.467010542,21.8959605405,9.96307214729,43.3260432298
34852,7.79574562984,22.5404973565,8.25984676768,38.596089754
31175,8.59459227314,27.2330575871,8.59328332611,44.4209331864
32623,7.97179738432,22.1264371668,9.32769092718,39.4259254783
36812,7.54577223796,24.4402905125,9.32002720734,41.3060899578
14228,8.19816430784,22.0015083094,8.33945976269,38.53913238
15127,11.2690039314,22.0540552569,8.91035715853,42.2334163469
1240,8.8340510841,22.4969079972,8.48250238483,39.8134614661
14205,12.3959483424,24.6500906828,8.0188635565,45.0649025817
35978,8.24831359496,23.1736742919,9.72536752777,41.1473554147
4257,9.901053088,29.7742053612,9.46855898876,49.143817438
36601,10.3242421488,21.4566677841,8.4656122571,40.24652219
30812,5.91768562651,23.0647815352,8.33525767225,37.3177248339
23332,8.03356075715,24.3965212473,8.58449467574,41.0145766802
11222,9.11657621456,23.9713997344,8.80891513856,41.8968910875
10224,10.0596520901,22.4079082784,9.38663967354,41.854200042
7854,6.72889130811,23.9850453788,8.17377991615,38.887716603
9577,7.52580820602,27.550408656,8.42610410383,43.5023209658
26897,8.47644384441,21.1574313176,8.37884667594,38.012721838
33515,9.61349607385,24.8836630699,8.68496006212,43.1821192059
36480,10.663435194,22.2885301051,8.53627386932,41.4882391684
30259,16.9887741549,27.3527106686,12.5878231359,56.9293079595
15767,10.5622793283,20.8008568627,9.93586754679,41.2990037378
12255,9.02789596821,22.0449138453,11.1696152818,42.2424250954
17049,8.5718483883,25.0275700534,9.19307846483,42.7924969066
23671,8.73669647796,23.8088129584,11.1168081029,43.6623175393
18552,8.20486296087,22.8207246429,8.32680991737,39.3523975212
2825,8.37492851472,21.3630471865,8.33217520013,38.0701509014
26018,11.8941822128,31.8132329255,8.14544846725,51.8528636055
10940,12.0262008106,21.7303215875,8.60621392624,42.3627363243
12456,10.1286794384,23.5119042961,9.04622263729,42.6868063718
25730,13.5404411768,22.1836311603,8.07988349411,43.8039558312
29532,6.32154346898,23.8727614183,9.01863046356,39.2129353508
7330,11.1548440887,21.6816025264,11.7734377311,44.6098843461
20490,7.36782876589,25.2326222124,8.75655092891,41.3570019072
2956,9.31901956838,28.9119141912,8.17710150427,46.4080352639
15681,12.2800910041,22.8087628819,8.23254851303,43.321402399
16857,6.81793395953,21.0057278111,8.40746335161,36.2311251223
16967,9.14452880682,21.6421340202,8.65097176899,39.437634596
15775,12.0756272798,23.4235776123,8.1094756124,43.6086805045
27979,9.32485481177,25.8193059685,8.75192347863,43.8960842589
3172,10.7756188392,23.5364022953,8.84588041712,43.1579015517
26169,6.24424558825,21.9916459864,9.77335845604,38.0092500307
22999,13.2522956007,21.8345220023,8.19225794789,43.2790755509
17499,10.8744448659,26.3302395593,9.05576389165,46.2604483168
17871,8.73305902906,21.5078743802,9.60664268535,39.8475760946
38621,9.30384319947,23.9712833557,9.48553788982,42.760664445
4509,15.7525192273,22.8565535846,9.65424444371,48.2633172556
3706,5.92889332962,21.2818083875,10.0075244727,37.2182261899
15418,9.38328266777,23.3608649002,9.59167384666,42.3358214147
6100,8.65139784272,21.2275160153,9.29000022899,39.1689140871
27429,11.168494071,29.0335287497,8.80408978799,49.0061126087
23843,9.04956208166,36.3385370956,8.52037557897,53.9084747562
555,14.9522914762,23.0035891558,13.4691363158,51.4250169478
14152,13.032495868,22.7808710713,8.20658984364,44.0199567829
33054,6.80173091907,21.8371845178,8.61034532363,37.2492607605
5457,10.2238746841,25.1342295124,8.27178312866,43.6298873251
1724,9.9150245773,23.1034493702,8.96510714913,41.9835810967
23437,13.5360330983,21.6304049146,8.9514126491,44.117850662
24060,7.34054971224,24.8991630541,8.31531897938,40.5550317457
26672,8.77295239537,23.7719567907,8.45040429768,40.9953134837
26857,8.21203002386,21.7187887646,8.32282335724,38.2536421457
39491,11.0325740352,23.8640556842,8.77094817591,43.6675778954
38834,6.51210413858,24.7491082067,8.69539925029,39.9566115956
19205,11.3083385585,25.379981984,7.97137020405,44.6596907465
27963,8.70627722603,21.6970469956,9.07133771158,39.4746619333
8458,9.68132652426,24.4534547477,8.23130744035,42.3660887123
6102,10.7292138429,21.3548161514,10.8647728228,42.9488028171
947,21.9017465292,22.208589465,8.88723890194,52.9975748961
30590,13.0106798997,24.8707739703,9.02141601543,46.9028698855
34756,6.9777802757,24.8523946363,8.88959659995,40.719771512
109,14.1770058955,21.6344913458,8.71440444739,44.5259016887
27913,8.05505938562,25.9574374571,11.4931066487,45.5056034914
13290,10.3601610683,21.5739956013,11.2333992663,43.1675559359
32965,12.2397424957,22.0728824384,10.8701872096,45.1828121436
5836,9.63441811712,21.0334448476,8.18553531885,38.8533982836
12353,9.99459890857,23.0370804269,8.50171354632,41.5333928817
16438,9.11927492619,25.7122965179,11.6535274709,46.4850989149
33136,8.67954974368,22.6003762172,8.40818105839,39.6881070193
15265,6.36403116165,22.1026894025,9.18698376123,37.6537043254
2663,8.84294680738,24.5304619725,8.7207173599,42.0941261397
23766,20.5413311813,24.3514302324,8.63885984082,53.5316212546
1570,8.18323172528,29.0747865914,8.39023639721,45.6482547139
19123,15.1586463952,21.9464381787,10.0968175675,47.2019021414
17599,14.3979251025,22.7714224422,9.3195653499,46.4889128946
34849,9.78702789741,21.740279425,8.63482661888,40.1621339412
31201,8.22876636211,25.3166507786,10.2361766758,43.7815938165
7799,7.05159532868,23.4544126372,8.94533898614,39.4513469521
31376,10.9684379429,21.1903572336,9.73610616367,41.8949013401
24932,6.54177550745,25.5335677151,8.67127757921,40.7466208017
10200,10.7745354928,27.6707830643,9.76434414829,48.2096627054
37805,7.50803859337,21.318184454,8.29885388219,37.1250769296
11233,10.2978580974,21.7952763204,12.3003580582,44.393492476
38693,12.2606256658,21.6282737881,8.62336898013,42.512268434
14354,9.98237246689,26.9181231434,8.30340321829,45.2038988286
31235,8.23006341985,22.5692777832,8.77510291986,39.5744441229
98,6.419443916,21.3314497563,8.43020958859,36.1811032609
36089,5.41651286411,24.9483619308,8.43700225349,38.8018770484
37258,13.5891865151,31.0037836355,9.34417480426,53.9371449549
20912,6.97251060606,26.8005532002,8.58939334557,42.3624571519
27924,11.4991572553,27.96919067,9.29897328055,48.7673212059
14566,9.4837855469,23.4808626178,8.55334294703,41.5179911118
974,6.05336174709,26.5451354931,8.54664986389,41.1451471041
1144,8.06576345809,23.5273745165,13.5971118229,45.1902497974
9167,19.1067119618,21.3771186322,8.86913740104,49.3529679951
25650,9.61179230303,25.2659108787,7.79897216787,42.6766753496
35694,6.59929239345,25.6954242649,10.343275846,42.6379925043
213,9.11483122661,22.1508766205,10.1540936977,41.4198015449
20149,8.05636682731,25.6584870287,8.54200669644,42.2568605524
11155,6.22081590925,24.2361275786,9.47247674809,39.9294202359
34631,8.23463927983,33.16162561,8.4904439442,49.8867088341
1679,10.4657011941,22.5152314771,8.40021710939,41.3811497806
22164,6.92944550614,23.6830530291,9.19856327165,39.8110618069
5787,11.2338234499,24.6494932335,11.8539487691,47.7372654526
34091,7.62048597475,22.2370169152,8.3078422575,38.1653451475
9840,7.63537334223,22.3146112791,10.9833123184,40.9332969398
7196,11.8539569929,21.0267720524,8.4079477526,41.288676798
25873,6.6148848389,27.1399318402,8.43738084983,42.192197529
29575,10.9812548214,23.0352446093,8.76573629863,42.7822357293
348,14.7767400449,22.1267094117,8.49533836082,45.3987878174
37888,15.3436327434,23.2803481762,10.2275686039,48.8515495235
37595,13.3298422872,26.7613366053,8.23523447088,48.3264133634
1561,9.57114571423,24.8058222049,10.6440672911,45.0210352103
33299,11.9768291953,24.1747344825,8.48607400678,44.6376376846
38681,8.49761814576,25.4515026311,8.05023954405,41.9993603209
17862,7.59289697602,25.8606047022,8.28904996411,41.7425516423
22559,9.5684540306,25.1662532629,9.37049708526,44.1052043788
1079,22.9739122354,22.9846401377,9.51932453446,55.4778769075
19160,7.40345430872,22.0277546222,8.65496919694,38.0861781278
11904,6.56198828298,25.5225506326,8.98338111515,41.0679200307
22709,8.0503814205,21.8480274938,8.52034589483,38.4187548091
13048,7.09039913628,27.1351522823,9.01319505912,43.2387464778
39818,10.921266265,24.9178205399,8.83307362298,44.6721604279
16757,8.11812347752,31.5939565675,11.1902099819,50.9022900269
1010,8.79891366556,21.4810256236,9.14158564893,39.4215249381
15039,13.1958478134,21.9810212494,11.0365083351,46.2133773978
25033,7.80751834513,22.7273140757,8.88328998686,39.4181224077
16135,8.67849163462,24.6246390404,13.9450631763,47.2481938513
12893,8.16800737077,22.5956639067,10.428222584,41.1918938614
34180,8.84006943207,22.1149932706,7.94630780885,38.9013705115
16709,8.97009796051,24.7508135022,8.77943924398,42.5003507067
14977,9.17080767798,24.2629771412,9.1911293515,42.6249141707
21732,10.7851666078,24.4966282247,7.9526433931,43.2344382256
32086,6.59609695382,21.228776667,9.20821169517,37.033085316
631,9.73150483596,24.7589368142,8.56952716241,43.0599688126
26010,7.1736949812,23.4185437361,10.0033452132,40.5955839305
23737,20.2635117161,21.2606800856,9.67593332032,51.2001251221
38900,8.13952947881,22.4095943652,10.3571671122,40.9062909562
15431,11.4139701772,27.0010673302,8.99385329406,47.4088908014
32919,9.24533632846,23.177181355,8.58837188631,41.0108895697
16338,11.8645193135,22.4496372929,8.50385922128,42.8180158277
20771,10.0773548552,27.2181243706,8.37599641712,45.671475643
3454,8.48848528488,20.7867175554,11.2487300967,40.523932937
7851,7.98043314873,24.9103733538,8.34306359352,41.2338700961
20633,10.4087917863,21.1936660048,9.84267470926,41.4451325004
35363,12.6833543494,23.5306450738,9.15514024199,45.3691396652
13955,8.43595711126,21.4874750207,8.27001432533,38.1934464573
848,8.50790849659,21.4383530664,12.7965866226,42.7428481856
17785,6.94627930566,22.471940085,11.5990480388,41.0172674295
31353,11.5733106923,21.1884519919,8.60420989023,41.3659725744
1609,11.0307204772,30.7871820588,8.25122086971,50.0691234057
15832,15.2921384098,24.7761639155,7.72541961371,47.7937219391
29968,6.48118083365,23.3546160365,9.29481995905,39.1306168292
4694,10.9726313529,22.6826236892,8.7251080935,42.3803631356
18646,8.57194933238,21.386389302,8.62515253958,38.5834911739
17805,6.47718008346,21.5271650361,9.1099996202,37.1143447398
24392,15.6506805489,21.1387759997,10.6266260168,47.4160825654
16541,9.27351457917,20.6797138141,8.58972962264,38.5429580159
2902,7.0625305072,21.7868148957,8.58980678838,37.4391521913
11357,10.3422891281,24.87239559,9.97607076805,45.1907554861
410,8.87537805875,21.5385524211,9.36382640666,39.7777568865
31029,11.46075954,24.1599789448,9.40000512855,45.0207436133
1986,8.17000581818,24.6096585793,8.34080379953,41.120468197
9208,7.4941117564,23.0918648433,8.5610514883,39.147028088
10258,8.09655582748,25.4439026524,8.80481285636,42.3452713362
36946,9.62527752174,21.5024491752,8.6857067649,39.8134334619
12837,11.8970734513,29.3439423763,9.22448724207,50.4655030697
26015,7.49239357217,21.3073254372,9.06572059154,37.8654396009
31200,11.0106245582,21.623290756,8.11707042738,40.7509857416
22416,8.43940552427,22.9343822672,8.62195506583,39.9957428573
11871,9.16878509676,21.3016792093,9.17836779295,39.648832099
22479,9.41030628149,23.6675082229,8.6788454302,41.7566599346
9521,9.17886009179,22.1683028861,8.63131757952,39.9784805574
29368,9.85868267133,21.2578705055,8.50837832853,39.6249315053
22787,10.696475476,21.9952665275,8.7965064161,41.4882484197
4296,8.74007791959,20.907940662,10.7628526877,40.4108712693
20510,8.25892000987,21.8237843074,9.05481345244,39.1375177697
28399,6.86047327406,21.6408903555,8.67162612821,37.1729897578
26892,13.0944820216,21.9094924639,10.9770420687,45.9810165542
29332,8.51477965862,25.6716553197,11.0014997866,45.1879347649
13437,9.29537921816,21.5443875178,8.48839818221,39.3281649182
12461,7.09709020687,27.5460039402,8.40324340716,43.0463375542
36206,8.35338085728,26.1637739751,8.26634979764,42.78350463
34121,10.4938230221,23.9096534004,9.45543517047,43.858911593
9541,12.4157787656,22.9185294981,8.46148712574,43.7957953894
14692,7.41637296409,25.5235289705,10.164496351,43.1043982856
19592,11.5304090164,22.2133181269,10.3898643043,44.1335914476
18058,20.2065727233,25.5361249623,9.58354113629,55.3262388219
13823,11.5040826144,22.7645366869,8.89638797044,43.1650072718
39435,13.47531344,22.4481034238,8.80726900111,44.7306858649
20181,10.7065410331,21.9443176019,16.5362293141,49.1870879491
12776,8.25905251949,20.6633611262,9.05811409613,37.9805277418
488,7.58621781333,23.1095622052,8.69116536408,39.3869453827
13661,9.67776034509,23.7014559773,8.39287400662,41.772090329
30653,7.51024553139,22.1614019337,8.54027977302,38.2119272381
39209,6.30101206676,23.4005847299,9.52013443831,39.221731235
13346,8.08806476353,28.9302675315,17.8638195899,54.8821518849
20194,13.2893700738,22.8948033646,9.10418181923,45.2883552576
21740,11.4259976408,22.791632123,9.38261996961,43.6002497334
13650,7.38664383662,22.8767102196,8.81713133312,39.0804853893
4967,10.4585334423,24.059819322,8.95114274855,43.4694955129
26479,9.33075384611,27.3973291209,9.33021530755,46.0582982746
3359,6.57122107359,23.8723742657,9.54380294224,39.9873982815
8366,9.55937840706,22.6799009059,9.74237115044,41.9816504634
34508,11.3795614661,31.2320045664,7.9510306,50.5625966325
15739,6.65177488004,21.7523687768,10.4520303666,38.8561740234
10952,8.76293339816,21.8621151218,8.56204535163,39.1870938716
38372,10.8665575417,20.8686334841,8.75840235806,40.4935933838
15357,10.5067065152,21.4992641477,8.90689937524,40.9128700382
20123,10.7043671033,29.1203989255,8.08538079871,47.9101468276
23011,13.3733051345,21.2818755021,8.70706698103,43.3622476176
18046,6.2710931817,23.4583134962,8.2542817107,37.9836883886
26576,10.0257890739,21.2258503547,10.5857834037,41.8374228323
26575,15.6961230365,23.6958908845,10.4613363854,49.8533503063
39903,9.32038621171,23.4994781151,8.14476107048,40.9646253973
23343,9.55449554406,22.5115067901,12.075425934,44.1414282681
2927,13.7651674902,27.1639689598,11.4160184775,52.3451549274
4630,22.6210220112,22.6372590819,8.16153023354,53.4198113266
35235,6.14559469315,24.8964899105,8.56217593686,39.6042605405
31914,8.96681094607,24.3904369075,11.3640400962,44.7212879498
17533,7.4049247373,22.8448779301,8.61971242136,38.8695150887
5058,11.6956931882,23.2948294008,8.45864063203,43.449163221
18159,6.73521132787,27.1746579944,8.99473911528,42.9046084375
20749,10.6679204327,21.3959851026,11.0590626836,43.1229682189
36709,6.234315505,23.2442487273,8.34060764108,37.8191718734
30436,9.98731380165,25.8611707241,8.17656410564,44.0250486314
8388,16.3192109075,21.7328962193,9.38795096097,47.4400580878
6137,9.87975551772,29.5226998338,8.72096197291,48.1234173244
21639,9.32703159575,29.7732787622,8.02773427516,47.1280446331
22482,14.6255024891,25.5062158079,9.55645382995,49.688172127
9848,7.55413029518,23.1150417822,10.3105162697,40.9796883471
6631,9.31991695302,21.8957576831,9.83616058624,41.0518352223
25172,7.11554328351,24.6601921548,8.37564160721,40.1513770455
37141,7.03093182257,26.2766132781,12.7156412611,46.0231863618
20497,9.05460879986,21.4057186209,10.9580153631,41.4183427839
33808,8.3809270222,21.6985321584,9.57485918195,39.6543183626
14582,9.74197264829,22.480277587,8.66395949543,40.8862097307
13635,9.52687509963,22.1329528427,8.69688306839,40.3567110107
35094,13.7607509965,23.0960071987,8.32567992262,45.1824381178
539,14.6304412803,26.6686896878,8.54207194834,49.8412029165
25309,12.8506237989,22.9648043327,8.45625876313,44.2716868948
7085,10.1199717757,22.0146406714,9.98622608623,42.1208385334
23252,9.43304142475,25.0689599937,8.50779744181,43.0097988602
24810,8.15619943829,22.5515791713,8.86864504329,39.5764236529
34120,6.42984703576,24.4997087352,9.7375547949,40.6671105658
30072,6.32204633495,27.4087799943,11.2099026654,44.9407289946
35629,11.9791001124,22.768140278,9.25194067309,43.9991810635
31897,10.3424047639,24.9189806131,10.6830592836,45.9444446606
1196,6.29239480682,35.4455530288,8.77380515993,50.5117529955
26104,10.6960646769,21.3814968986,8.61466494619,40.6922265217
7327,17.5559042976,22.2096063454,8.83589379794,48.6014044409
4319,14.054577302,22.7757357059,9.44707911863,46.2773921265
35210,6.87060202761,22.742871416,16.4440127699,46.0574862135
20443,10.7319150816,21.7807085293,8.41100835596,40.9236319669
7761,6.82777866515,27.6479101568,9.02833344103,43.504022263
22188,8.91878006218,23.6906722417,9.75737687783,42.3668291817
8658,12.3071474836,29.5961358747,11.4051584372,53.3084417955
9105,16.6817685388,21.2877248952,9.12137702803,47.090870462
15517,9.19254217216,25.2173699069,8.31416752448,42.7240796035
317,6.82820427197,28.0464558129,12.2665039766,47.1411640614
10075,13.8056561278,23.3757471575,8.62567983351,45.8070831188
29743,9.39455405926,23.0135286552,8.3721680129,40.7802507273
4591,12.9975876165,24.9864676745,11.0214545235,49.0055098145
30768,11.2221134608,22.5153035505,13.0959307298,46.833347741
30858,6.74855044128,22.9413428961,9.47996761721,39.1698609546
11386,18.478129991,22.6396445022,9.22787214573,50.3456466389
6643,13.9944091916,22.5012002078,8.27129322867,44.766902628
22851,13.6620223218,23.423773279,8.70720709428,45.793002695
17358,9.38970787288,21.4376085693,8.55156957537,39.3788860176
17854,22.9749451438,25.938128015,11.6603709185,60.5734440773
17076,15.5167974914,21.1434908391,8.97637858633,45.6366669168
39464,8.1812154191,23.8785970117,8.36925353268,40.4290659635
17492,7.95597850564,21.0036723223,10.4684367102,39.4280875381
30991,6.48097927931,22.9702543509,8.65421574222,38.1054493724
31512,6.18548862333,22.2211506364,9.90163837342,38.3082776332
26901,9.58385015416,27.8147163572,8.28796212148,45.6865286328
8708,12.9140946712,21.5630666673,8.77609675248,43.253258091
25630,11.6560084656,23.6121351758,9.82111964799,45.0892632894
1844,9.21178760167,22.6037918628,8.44617864888,40.2617581134
27640,6.69006474459,22.5476182666,8.96071960205,38.1984026132
34004,8.9220140957,25.2687450275,9.85233060085,44.043089724
3670,18.1867937426,25.0149699727,9.14102344158,52.3427871569
36379,9.07172254237,21.1083804716,10.9681194372,41.1482224511
20285,11.5587822643,22.7437546987,9.15755027351,43.4600872365
33216,7.24936486671,25.0268072106,8.96504827611,41.2412203534
34069,10.0942892602,20.7493877397,9.30526797009,40.14894497
32266,7.09418864357,22.3313470731,10.6696048807,40.0951405973
11552,12.2472619577,23.2243015334,8.2031891532,43.6747526443
20699,8.329541652,21.1654146178,8.79261211408,38.2875683838
6133,13.2706828434,21.5917510451,8.50308174488,43.3655156334
31404,13.729922293,25.3848430926,8.44590975452,47.56067514
20787,9.08164827428,21.4551712461,9.57395662795,40.1107761483
35897,11.9939743018,21.7746863792,8.77521066797,42.543871349
20959,9.52708012352,20.7619412517,8.58805341936,38.8770747945
31462,7.93397986085,27.1974797374,8.08479058476,43.216250183
7468,14.7947077301,24.9142073187,13.8450503134,53.5539653622
12332,15.8816187114,23.1093373092,14.880420511,53.8713765316
36858,5.9611363681,23.0717868201,9.18774231597,38.2206655041
15779,8.66460949764,22.4013633052,10.9511121678,42.0170849707
5732,8.99830528161,21.3561011308,8.73694500957,39.091351422
3653,10.9324389102,23.2799831691,8.45334380262,42.665765882
16464,9.40594570498,24.641541862,9.76263889775,43.8101264647
4170,7.67010619703,24.8448478803,9.61095361753,42.1259076949
24314,10.5596128773,24.0128039162,8.23615203188,42.8085688254
11162,9.68322974306,23.0443167133,9.20454581951,41.9320922758
39198,16.2285089895,25.0067752208,8.6256179411,49.8609021513
34095,8.52472532402,21.2096084347,8.6278368535,38.3621706122
31273,14.5798188653,21.5387112714,8.7340651965,44.8525953333
32090,7.4700311472,26.5245369405,9.25512705855,43.2496951462
33761,6.42185419918,25.2238386856,8.28735433443,39.9330472192
22831,9.41919933149,21.5771648753,9.26123070221,40.257594909
12868,9.31435742135,26.4730987644,9.48399690274,45.2714530885
10535,8.81296161474,23.0878642441,8.53908184106,40.4399076998
26170,10.3957305254,24.3916579747,8.30643882077,43.093827321
33497,8.30363034219,24.4617407814,8.85242351313,41.6177946367
573,9.61917666028,23.0441771033,9.65904382424,42.3223975878
7959,6.81459905421,31.4162518431,8.90114006982,47.1319909671
29698,10.9004663649,21.3932564692,8.26916165785,40.5628844919
12605,11.7621181626,24.6589037773,9.86422026345,46.2852422033
5142,13.6871471134,21.6999604914,12.8725882107,48.2596958155
28592,13.2114645713,21.767982199,10.8362697725,45.8157165429
15450,12.3604839571,21.7982627533,9.83483907635,43.9935857867
8239,9.40132786806,26.714030804,9.44394644749,45.5593051196
4892,8.65582224976,22.6230564478,9.71388937557,40.9927680731
30592,5.82555304348,24.533555883,8.44908862451,38.808197551
36299,9.11756741864,27.6018019859,11.8200440911,48.5394134957
35720,8.31088142479,21.1732685073,8.65506741597,38.1392173481
37883,6.60782772185,22.1197451473,9.06494429397,37.7925171631
13324,8.70455309978,24.3362551367,9.3481377324,42.3889459689
2388,11.8410498148,21.1951103025,14.2190486163,47.2552087336
6666,8.87628738255,20.9298533954,8.47237632187,38.2785170998
375,8.28169355902,27.3444474417,8.22925211892,43.8553931196
4905,7.40252212654,21.5050497141,8.59378698678,37.5013588274
38546,10.4914863372,27.391029167,8.33225987697,46.2147753812
3720,10.9867878789,29.2168103106,9.60000264501,49.8036008346
36064,15.4495894911,24.1127838367,9.08361974606,48.6459930738
18051,28.5405578987,24.1400314737,9.62369799163,62.304287364
10248,5.36247917973,25.7334056214,9.20461781455,40.3005026156
30426,13.5705067849,22.4057881163,8.79170732034,44.7680022215
16870,6.4585241349,23.8442123908,8.67273644406,38.9754729697
16284,10.2378260105,25.1742185798,8.71818337928,44.1302279695
24105,8.73884337802,22.8536243,8.25612264678,39.8485903248
36242,12.1194196349,23.6333104382,10.9757463776,46.7284764507
19154,20.5677290282,25.9345480315,8.88886130431,55.391138364
38657,14.0003507998,22.6531327256,8.26900058256,44.922484108
21427,7.86540670578,20.6608272267,11.3507722312,39.8770061637
7596,11.1149576799,22.0643345426,10.1831292152,43.3624214376
37146,12.6906807884,22.3380880539,8.6896332684,43.7184021107
20216,7.25994925782,22.7691210793,8.48116553866,38.5102358757
29805,6.82514181299,24.824009114,9.00400018326,40.6531511103
7237,9.55089799632,20.6574917028,8.68296926589,38.8913589651
26338,14.3857779603,31.6060211399,9.24270135136,55.2345004515
23898,8.6699470002,26.5481545886,8.85593009674,44.0740316855
27180,11.5010180182,25.9762469531,12.5788050786,50.0560700498
6505,8.73416545657,22.7640359122,8.44029277685,39.9384941456
30269,8.06598597337,22.5846426653,8.82349817112,39.4741268098
34252,8.3668453874,23.2805988069,10.0590604102,41.7065046044
36927,10.3504307081,22.9327150868,8.33881331728,41.6219591122
15036,9.35436485135,30.4024401677,8.83190195008,48.5887069692
18561,7.36852623388,22.931866657,9.18072310614,39.4811159971
2608,13.3377538738,28.306207254,9.79742716138,51.4413882892
17543,8.1606008503,26.1161148291,9.23080742089,43.5075231003
5177,9.75334428066,22.6743035355,8.19411679751,40.6217646137
7272,5.40316135906,22.2231034064,9.11934883432,36.7456135998
2139,12.8891358219,26.778460992,8.99776776351,48.6653645774
28315,11.7470635091,24.2297831953,8.36503866411,44.3418853685
14982,7.31384692471,21.5505057475,8.97476946075,37.8391221329
36119,11.113986243,20.929937784,9.19495413324,41.2388781603
27873,8.89864203748,23.7970250092,10.6965097867,43.3921768334
3583,11.4978734859,24.6523726033,9.13796439808,45.2882104873
36231,8.24156467764,24.0301445394,8.51769902327,40.7894082403
34300,8.49109390698,22.330475051,8.65726714216,39.4788361001
26396,7.36725448356,22.1641730223,8.23666834138,37.7680958473
31162,6.62763553065,22.2806076102,9.67996800332,38.5882111442
39908,11.9092764067,23.8948978252,8.55022087856,44.3543951104
37965,8.85214687218,22.0097603003,8.35806250762,39.2199696801
20395,15.4189386164,23.4317702711,10.7533977235,49.6041066109
24052,9.67132672621,23.8057834786,8.82075923684,42.2978694417
76,7.95785742924,22.850219585,8.65497201007,39.4630490244
20802,9.3057986913,24.0801132547,10.0676211691,43.453533115
22611,14.0623028431,26.3314867146,8.40245826569,48.7962478234
31396,13.0354560971,22.602068433,10.4247177439,46.062242274
20228,9.7752939131,26.0257507365,8.05347405005,43.8545186996
23970,15.2661333972,22.3085158278,9.40834271104,46.9829919361
12751,10.564887487,23.2963591873,9.28976783541,43.1510145097
9545,7.44158597395,21.4237011118,8.72178546855,37.5870725543
34746,14.7861508075,24.3872623172,10.3123292436,49.4857423684
24159,10.6145647844,28.5683186458,8.8979711979,48.0808546282
26928,8.85074194668,20.780352613,11.4471487195,41.0782432792
2778,9.60158769163,23.2783631288,8.87737920083,41.7573300212
16725,7.26390006961,28.918190998,9.6679488789,45.8500399465
13472,7.62602680132,24.3741106153,8.23484545173,40.2349828683
31575,11.6657373235,21.6440248622,11.0285956594,44.3383578451
9898,10.8218004344,26.6543992243,10.0569706824,47.533170341
14785,6.56709456128,22.2871011423,8.85843826751,37.712633971
32767,6.33709174745,25.2021064183,10.4161053662,41.955303532
5447,9.56993030875,20.7834951955,8.43522352882,38.788649033
3114,6.34612487248,29.813032361,13.5375688392,49.6967260728
7725,16.673896933,21.4274447839,9.77031066368,47.8716523806
19002,14.466083678,24.8495575065,10.5695715859,49.8852127704
19941,11.8132318366,21.0912023248,10.8990443764,43.8034785378
39634,14.1896098662,23.4461266072,8.88661422487,46.5223506983
0,9.39440396287,20.8613835909,8.50905147905,38.7648390329
24024,9.20719995762,27.3882529536,12.1884015924,48.7838545037
4974,11.3094299975,24.1856256617,8.52816894376,44.0232246029
4144,8.43829829369,23.4698793853,8.55089057405,40.459068253
3461,9.5195522239,21.7118765513,9.07672215262,40.3081509278
3049,7.2519633234,21.7483324405,10.5332144614,39.5335102253
29139,7.73205730671,26.0428373661,10.6188372669,44.3937319398
27094,7.12087490496,30.4140735419,9.44120130425,46.9761497511
34181,11.4971607411,29.1895029342,9.12680039634,49.8134640716
5235,12.6017546014,22.7499650254,11.0287711497,46.3804907765
8328,12.0299905452,22.0688279725,8.63507804975,42.7338965675
32402,6.72868682483,25.1555447085,9.03542370691,40.9196552402
39939,6.75363453177,23.8567952733,8.35279052468,38.9632203298
14280,9.59346763218,25.7294493173,9.18020712066,44.5031240702
34803,10.6033117858,22.4665202629,8.50406785112,41.5738998998
28436,8.12223364374,23.372712422,8.52688511528,40.021831181
24998,10.463005523,26.3374247537,8.79836958432,45.598799861
30207,7.12020983194,25.0788409151,10.2898902832,42.4889410302
26112,7.29558275072,21.5149593259,8.68145839539,37.492000472
32610,12.2250006987,21.4457604504,9.16363247464,42.8343936238
10719,8.20977765845,23.312145904,9.3079030853,40.8298266478
16519,12.2332799457,23.6699878908,8.53756578244,44.4408336189
4704,7.80905156529,21.5625660757,10.9282930863,40.2999107272
4299,9.55875355164,25.6418332179,13.2008460773,48.4014328468
24862,14.6832778231,23.2689272586,8.89419995779,46.8464050395
19083,9.40597006116,20.8390958593,9.438368886,39.6834348064
34731,7.59769217115,22.2855805141,8.59927125251,38.4825439377
2726,9.95523945094,23.8629574845,11.5244862085,45.342683144
9041,6.79814885945,22.2374331475,8.69464622154,37.7302282285
22762,8.16818254216,22.3893730472,8.77006742075,39.3276230101
39979,6.99342741589,23.651789278,8.2358329212,38.8810496151
8908,24.7229945764,21.7510067948,15.4816883481,61.9556897192
24720,11.9864134381,27.569964343,13.4003080304,52.9566858115
23816,7.84316728102,26.2590680733,10.2647904262,44.3670257805
5060,6.17193396146,24.6057378975,9.74832048821,40.5259923472
8914,7.49298447708,22.7588913998,10.5055220222,40.757397899
12144,9.85614234185,23.3472758453,8.94401412506,42.1474323122
39451,11.562259402,24.8865000666,8.43470552015,44.8834649887
28990,7.81860967525,20.7976656249,8.51317664661,37.1294519468
14476,11.5279667455,28.2701847531,11.4356041245,51.233755623
16461,10.2290185251,21.7763902117,9.00618082079,41.0115895576
29711,6.91468022216,23.3067082389,9.28084757611,39.5022360371
30569,15.9518888313,23.0358458022,8.87277411791,47.8605087515
31695,14.6808927656,21.2974476206,9.08957467861,45.0679150648
23947,9.2665866356,24.3180131234,8.93074914477,42.5153489037
12724,10.4821375129,20.6747053497,8.83265630826,39.9894991709
15759,11.4771839002,20.9636890218,9.57196175871,42.0128346807
11559,6.49889248025,24.9384286283,8.71756060033,40.1548817089
32285,15.1099004934,23.4457076059,9.86353576312,48.4191438624
3431,5.78920706905,25.1460852727,9.29609133132,40.2313836731
35827,8.63664470881,23.4175666382,8.80998426135,40.8641956083
35249,9.08065633831,22.3379881268,8.78214005869,40.2007845238
1383,8.1985495443,24.4818550369,8.38603659093,41.0664411721
37728,9.43658886902,24.1919895647,10.1650284156,43.7936068494
23020,11.1123748866,22.623571052,8.56535632139,42.30130226
8326,8.63729622592,21.8342790743,9.69347695227,40.1650522525
31467,14.42842729,22.7109462611,8.26921478199,45.4085883331
8472,10.0714936154,22.6038641136,8.36268690233,41.0380446313
16871,11.9188517344,24.1715465607,8.83334147251,44.9237397676
12950,12.4116985261,22.0106435185,8.5543347273,42.9766767719
10237,9.71455819054,21.5779714418,9.26753500644,40.5600646388
13970,8.36264421739,25.2929332176,12.0509909046,45.7065683396
8808,13.3664409797,21.6298394837,9.35299346245,44.3492739258
23912,10.3257090448,22.7076508419,13.0623130369,46.0956729236
22126,11.4869791788,21.0587678378,9.48481816867,42.0305651852
22588,15.9235719987,22.8366957772,10.9878125768,49.7480803527
32355,8.84944501526,23.4506411723,11.6547277278,43.9548139154
27919,11.4656831557,21.5169270878,14.436866648,47.4194768915
39560,6.2775438474,22.5107543319,8.39318195078,37.1814801301
29790,8.14877250434,25.4297042807,9.18573260967,42.7642093947
7945,11.2651123884,26.6827678309,8.27910657664,46.2269867959
3616,9.13806336496,23.3240070324,9.7192724239,42.1813428213
23273,8.14712821944,25.5371086905,9.23949668802,42.923733598
3413,10.4745693777,22.8251211109,9.76356325413,43.0632537427
15382,8.2765301242,20.6721350189,19.8525967141,48.8012618572
15092,13.976879897,23.0895399489,8.17719978851,45.2436196344
11502,13.7962105795,22.109226275,12.3450200315,48.250456886
33454,14.966473676,23.5827026721,9.18446569337,47.7336420415
22860,10.5789162069,21.4612646167,10.1340471524,42.174227976
23996,9.13900150782,22.5887952139,8.75483922774,40.4826359495
11734,8.15314780234,23.9373455903,9.91254823517,42.0030416279
33065,12.1493579945,21.2132946847,8.50501288328,41.8676655625
5864,14.2142549036,22.979330039,10.7467155322,47.9403004748
25017,6.0175063832,25.1952750166,11.2113659415,42.4241473413
2250,6.665579207,20.7526618768,9.39627701205,36.8145180958
33909,8.04459024055,20.6732958408,8.36498146334,37.0828675447
7334,7.71628171398,23.1537317474,10.3262187282,41.1962321896
30783,10.2887501956,24.8393745045,8.44834196919,43.5764666693
39510,11.1771922687,20.8493425982,8.33010656604,40.356641433
8267,12.3021503149,20.8817782767,8.55704734501,41.7409759366
26920,9.09053504558,22.0613606122,8.6720884574,39.8239841152
1987,9.74149109554,23.1538832314,8.90293494248,41.7983092694
33298,11.3787377306,21.5252907094,10.5934309384,43.4974593784
20154,10.0141378658,23.2796935808,8.52725588564,41.8210873322
10312,12.0037471473,22.5804902097,10.9026984578,45.4869358148
34009,7.68945601353,27.9139374534,10.4248726082,46.0282660751
34366,19.9261561019,21.581421315,8.69064831258,50.1982257294
15587,10.788110789,23.8205433583,12.0206731053,46.6293272527
12946,6.91564292637,26.1333703136,9.70811739777,42.7571306378
16329,14.6186027303,21.7651944388,8.36595606495,44.7497532341
34314,9.82052090384,21.874545805,8.71642781452,40.4114945233
21214,10.7464306984,21.7425277588,8.12143952885,40.6103979861
9940,18.0496511704,23.5366867228,10.1850436938,51.771381587
967,7.452802319,24.0166443501,8.4371861004,39.9066327695
21085,6.09344381781,28.7312710976,8.67265638821,43.4973713036
2329,7.88304454166,24.7980100912,8.02271863927,40.7037732721
19905,8.40287667531,21.3853619145,8.20909744262,37.9973360325
26389,7.09643771009,24.6795276378,10.9305873085,42.7065526564
21713,8.36870218852,22.4629513153,8.70084827275,39.5325017766
8087,5.86055336508,26.268154172,8.07849408431,40.2072016214
34649,8.41691377705,24.4001992958,8.63565347257,41.4527665454
3205,20.2474470214,22.7493149913,8.66631486474,51.6630768775
20384,15.3289901705,22.2105905173,13.7662630382,51.3058437259
5879,9.53566505157,24.2292138148,7.82976249804,41.5946413644
20776,9.55951309903,22.1465578918,8.9329346137,40.6390056046
9417,8.9270352315,26.3879994316,8.59452027796,43.9095549411
17050,7.98652934133,22.0414582731,8.82352029009,38.8515079045
26927,13.5785102774,23.2999454182,11.3490049771,48.2274606728
15315,9.83605828833,23.8296099985,11.9677112086,45.6333794954
9076,8.81305752693,25.8899416265,9.87280848584,44.5758076393
31196,18.7227691276,24.8799100775,10.131155565,53.73383477
30106,14.5511448698,24.3377537951,9.24234637475,48.1312450396
12650,9.30841916297,25.0828621545,8.76270450111,43.1539858186
14907,13.3898032545,21.4498400871,9.32450297297,44.1641463146
18896,6.90259230332,25.3900915777,9.00399371112,41.2966775921
7147,13.4531915041,22.9398966377,8.80181509057,45.1949032324
11122,13.242637633,27.0788352047,9.12415272989,49.4456255676
20008,7.94724707217,26.0637687242,9.62046435189,43.6314801483
8851,6.81061546006,24.2821313431,14.0794130758,45.172159879
26550,5.80207630433,25.0655007425,10.6024548859,41.4700319328
10495,7.48566037946,25.4852583853,8.32032553352,41.2912442982
27076,8.20788789363,23.3567718028,9.06576371765,40.6304234141
9125,7.96099222776,24.3113990324,11.8769710602,44.1493623203
13901,8.14157319505,21.9285687524,8.75178234577,38.8219242932
30344,12.4594819849,22.6848523542,11.6946690912,46.8390034303
11276,13.152579726,23.5558813602,8.45289916258,45.1613602487
14393,6.59981984494,24.1610099719,13.8957954506,44.6566252674
6747,9.46805806279,22.262862711,10.6931980697,42.4241188435
27788,7.81978467628,24.5031142372,8.27095961207,40.5938585255
37061,6.20451738498,23.3811152203,8.73051810307,38.3161507083
13879,9.03974609972,21.295997404,8.46617809545,38.8019215992
6660,10.1832889753,21.826503173,9.66451025408,41.6743024024
26281,10.4430085726,23.1440495173,10.5957650595,44.1828231495
6545,10.5374676982,24.9212009879,8.65746253751,44.1161312236
13659,6.95635950365,23.8629065201,9.33345532392,40.1527213477
24259,12.5832179802,24.0036329418,8.17343772661,44.7602886486
34480,8.86213630543,23.5417907412,8.45840006969,40.8623271163
52,6.99026733178,22.6850493116,12.4867194157,42.162036059
32937,14.7664124489,21.5912393325,11.9427899135,48.3004416948
11786,6.78807120426,25.9248175985,9.80011732538,42.5130061282
2072,9.7024404356,26.8525076733,8.60005254924,45.1550006581
35026,8.76947508198,21.3648088088,9.80381591149,39.9380998022
34684,7.43723333488,22.5113100599,8.47441847137,38.4229618661
37560,13.6370175301,22.3429771198,8.53535356757,44.5153482175
24814,6.13213149614,28.1281009853,8.36761999717,42.6278524786
31858,6.5953866803,27.8948841739,9.37862568278,43.8688965369
5641,12.6815683868,26.3713019026,9.35243885668,48.4053091461
13517,6.84050075388,22.8823077825,8.32855619699,38.0513647333
1501,16.0013688555,25.1931601611,8.49823925767,49.6927682743
38532,7.7559396258,25.3824156073,9.61330828553,42.7516635186
19277,11.1281321935,25.1800295332,9.71512548028,46.023287207
29287,16.5414948144,22.5851024404,9.98871545277,49.1153127076
29394,6.43884193441,21.5407069916,9.04274504096,37.022293967
17572,11.570103443,24.4154486776,8.59812750164,44.5836796222
24677,8.08453470826,27.7436907083,11.9135591058,47.7417845224
36108,8.50781308674,28.8167836056,10.6888929083,48.0134896006
12198,8.06378396008,23.0695297102,8.84327371149,39.9765873818
20381,12.325209563,20.8813333264,9.21355245463,42.4200953441
31169,9.79866867441,25.3368000032,8.64939188675,43.7848605643
935,8.53248716055,22.800341095,11.0843571474,42.417185403
35823,6.27859103046,23.204628801,8.82777579794,38.3109956294
35173,9.3871751264,20.959006333,9.6554757217,40.0016571811
16435,12.0985810812,21.1849736595,8.30953647553,41.5930912162
15341,13.9225648614,21.6696215238,8.34622346079,43.938409846
34832,8.55837344592,23.0716198461,8.84480127552,40.4747945676
26841,13.8722029913,27.2695963915,8.57150980845,49.7133091912
36330,12.4980877894,20.8102701681,8.64687653312,41.9552344906
2452,9.26518420936,29.1221651448,8.3958051821,46.7831545362
29906,7.18573153844,20.9490346813,8.98124825681,37.1160144765
9178,9.0161178356,22.6068056435,8.47808713748,40.1010106166
28589,9.64581334259,22.5823779029,14.580817086,46.8090083315
14941,8.67458384695,24.8978469117,10.9902154691,44.5626462278
25719,8.83493570867,25.8195987624,10.051517393,44.706051864
7977,6.20560618607,23.7439409404,8.56379809571,38.5133452222
10966,7.58910048785,21.8031970346,8.45584115184,37.8481386743
29028,8.13874162841,24.896880383,8.43112356419,41.4667455756
33618,10.2051220275,22.9588311055,9.78494764957,42.9489007825
12905,8.27608109031,27.12472397,12.2620685539,47.6628736142
12254,6.6864208264,20.6868215163,11.0193052025,38.3925475452
4987,6.28356312411,24.7260628655,9.7097562967,40.7193822863
33835,11.2278823879,24.4102417916,8.78442760534,44.4225517848
23354,8.13071220772,26.3984583608,8.51514783827,43.0443184068
18040,6.45826066274,31.3621430448,8.23614592122,46.0565496288
8361,12.5495669004,22.864694805,8.58287852763,43.9971402331
20736,7.34585829172,21.4882323917,8.86856908754,37.7026597709
6314,7.66337499949,27.5531124836,9.29451534404,44.5110028271
20728,9.08693965824,26.531802489,8.81908035682,44.4378225041
28597,10.3528376804,28.9829471684,11.0962452096,50.4320300585
12060,16.1543453952,24.0424672767,8.49381683158,48.6906295034
20888,6.6009870969,25.9240927113,8.20829841623,40.7333782245
26723,10.4025645612,21.5090860732,8.68066339611,40.5923140305
29875,14.7926416065,24.9372532309,8.33833245889,48.0682272962
14377,16.1480195657,21.9195390245,11.3097125295,49.3772711196
4293,11.9476857992,21.232840061,8.46770338433,41.6482292445
23331,11.1495075623,23.5758006871,10.7407135499,45.4660217993
13655,13.7044377741,23.7460140027,11.1189108153,48.569362592
12853,9.60350992144,23.2700710818,10.5824341861,43.4560151894
14830,10.4105399111,22.2281951912,9.61644953944,42.2551846418
8547,8.40855713764,23.3120387372,10.4254944374,42.1460903122
26707,5.12039301969,22.8660416775,8.46002933058,36.4464640277
9323,12.4264330523,27.695414725,8.93542729785,49.0572750752
17574,7.83567237172,21.1963533267,8.69889486723,37.7309205657
19016,8.98995192722,25.0982235749,8.32413142538,42.4123069275
5900,12.4857273893,22.4238782272,8.75141515502,43.6610207715
140,10.5659804526,23.4584993944,12.5020929175,46.5265727645
32018,13.1188750206,24.3385889769,9.10715616183,46.5646201593
35291,8.70740631788,28.5580137569,8.49970440065,45.7651244754
22988,15.7192926997,23.0753117646,8.68416678755,47.4787712519
13910,14.5302622208,32.7915526997,9.39305393669,56.7148688573
39122,7.65699870947,22.5757557782,8.58525021269,38.8180047004
223,9.29995011721,21.6716910696,9.47401061219,40.445651799
17576,11.4228272666,24.7415294567,7.94972008013,44.1140768034
16658,7.3825373821,20.9787927371,9.88043675846,38.2417668776
26476,7.85065534395,27.7181063975,8.37385577121,43.9426175126
29565,12.791506841,24.8036822439,9.30102768461,46.8962167695
30368,10.5844025734,24.5075015231,8.35403575343,43.44593985
8504,12.2258390877,27.9063709732,8.86014292526,48.9923529861
32133,7.15842145469,25.4411063948,8.10786249539,40.7073903449
21800,10.855952621,23.4625150008,9.73732303029,44.0557906521
8079,8.3196100249,28.7650015271,8.74276344371,45.8273749957
432,13.6240088137,21.5400106506,11.2448837602,46.4089032245
27530,8.05881198058,21.6001434202,12.4667667007,42.1257221014
20577,7.48140078236,20.8016530599,9.48813424429,37.7711880866
14821,11.5611798727,27.8710442409,8.47661700083,47.9088411145
8064,11.0138598113,24.3460408223,8.39587417533,43.7557748089
29781,9.73554257435,25.7074251887,9.8457439912,45.2887117543
911,15.8327990465,21.0976344177,9.61862130501,46.5490547692
26081,11.1496507578,22.674680329,8.32022713042,42.1445582172
1152,8.72115172118,26.976475988,8.97446204152,44.6720897507
31153,10.9168627933,21.4033192009,8.66722456972,40.987406564
8297,15.5283128636,23.0108474503,10.7139363965,49.2530967105
9149,8.86302294966,22.8611883438,10.3049217441,42.0291330375
22285,9.36042614464,22.6480177311,8.36671458688,40.3751584626
27791,17.6590180381,20.6459003883,8.46836089085,46.7732793173
25601,7.96646902822,30.8276351018,10.9024533123,49.6965574423
37172,8.96361302962,24.9529418922,9.79173695503,43.7082918769
33066,10.2543455873,26.2330242637,8.10294290148,44.5903127525
22422,10.2244398096,21.1985386971,10.968276929,42.3912554357
4240,8.27367195035,22.9618812124,8.5679795581,39.8035327208
27622,9.12795147695,25.3081300156,8.29995521908,42.7360367116
8860,7.85367406379,24.2688445244,11.0271533864,43.1496719746
13017,6.77962843441,24.4035602049,14.3051301948,45.4883188341
28520,8.94865638398,22.1429443386,8.56724467077,39.6588453933
27202,8.21444418928,21.1840466804,8.80585197974,38.2043428494
22554,7.22048342785,22.819855734,8.15249145955,38.1928306214
20328,14.2725919289,22.430231007,9.57395376829,46.2767767041
13827,9.32012876828,21.3323271896,11.4371600831,42.089616041
6735,8.14072007611,22.2161540388,8.23272622035,38.5896003352
27151,10.3424230569,27.3708403001,9.60213766518,47.3154010222
6046,7.70676053582,24.6961665369,8.27989438979,40.6828214625
9087,9.84364999116,24.016380456,12.478181004,46.3382114511
34742,6.70179197894,24.6373860819,8.89044914861,40.2296272094
10053,9.28734215341,20.6574436295,10.4274064738,40.3721922568
11060,8.88006152247,23.3412248713,9.16176103322,41.383047427
16420,12.6160849243,21.3726414446,9.64008652899,43.6288128978
29601,9.26878866025,21.2187676702,13.6117354205,44.0992917509
26024,7.76254727552,24.8311704211,9.0122028398,41.6059205364
30105,7.61082331755,24.0833554196,8.9335400994,40.6277188365
16405,10.1474776257,22.7665940983,8.18411566429,41.0981873883
8329,6.91041040851,22.9580888773,8.42171000556,38.2902092914
4558,14.1582638853,21.6816424694,9.10733947477,44.9472458294
6973,7.77031254324,27.5229052499,9.11446170611,44.4076794992
19515,10.6995864494,22.2835447613,9.68521141934,42.66834263
6456,7.99510541195,26.8658683675,8.17786945966,43.0388432391
13801,9.097108535,21.9779634668,8.85998517276,39.9350571746
12759,18.1898588766,29.7946294184,9.06184800228,57.0463362972
20112,14.2018234932,21.2884240938,9.28630126138,44.7765488483
7119,8.03687844437,24.6921932494,8.33621045312,41.0652821469
26172,7.97844992025,22.2096601137,8.56694629639,38.7550563304
35385,13.2209403225,24.5616507753,8.74563618047,46.5282272784
37878,8.13664112031,21.1241250046,8.38293676485,37.6437028897
19457,11.3019939447,22.0304865607,8.33625553848,41.6687360439
36992,7.88132503552,24.0898067872,9.74540219504,41.7165340178
11654,10.4826920193,21.8275552644,10.3465167325,42.6567640161
20663,13.4716033561,24.4274108816,8.72897280459,46.6279870422
23903,6.31414247661,24.1613227403,8.296456629,38.7719218459
10934,9.37959412344,21.1515318233,11.1783988734,41.7095248202
14503,14.2086905,23.6057103092,8.68299082645,46.4973916356
1206,14.5613654654,23.221591389,9.18050404896,46.9634609033
20142,11.4582422556,21.9175047632,10.4086289266,43.7843759454
34135,8.17787473813,21.0113116358,8.21232806404,37.401514438
2397,7.7350758057,21.5259959337,10.2936399759,39.5547117153
31381,17.1262057318,23.0387055805,9.15358473433,49.3184960466
29999,8.78989506843,27.3131552391,8.96523727695,45.0682875845
10013,12.1472485611,20.9053736247,14.0815216351,47.1341438208
20421,26.1118037477,21.1967687946,11.5172581326,58.825830675
5962,11.2660329765,22.8681514166,8.52210062807,42.6562850212
6758,8.20663939024,24.4518632661,8.1049247878,40.7634274442
7554,13.9089350345,21.9720870254,8.68722256403,44.5682446239
28506,9.15046062622,21.5711694562,8.32398976865,39.045619851
18312,8.53455305718,21.1639668398,10.3061852023,40.0047050993
17409,9.00369278728,28.9112325528,9.41786982749,47.3327951675
19268,7.14692359755,21.7296030896,8.98220535904,37.8587320462
30162,9.00954565723,22.8799366838,10.2962078338,42.1856901748
27754,10.1390393956,21.1828338771,8.38377991121,39.705653184
24643,7.51376275338,21.7988268418,8.23775748757,37.5503470827
18133,10.5322128737,22.1969010001,8.15696484796,40.8860787218
5283,9.34181977626,25.7588853392,8.67194972433,43.7726548397
14946,8.00765331799,23.2641427497,8.55704573031,39.828841798
20153,13.7796638632,25.8554926041,9.30576743976,48.940923907
1072,10.3706008765,27.2773615507,8.79640741662,46.4443698438
27811,8.15365670879,22.5928558841,8.36663722137,39.1131498143
34422,9.08755327654,23.7909125955,10.2405363495,43.1190022215
26671,6.45035592995,23.1007667597,8.31801707122,37.8691397609
37283,9.3047629202,22.1312169034,9.55233914545,40.9883189691
11768,15.4257560718,21.9518994512,8.64495046185,46.0226059849
20487,8.49525438552,23.6722867115,8.62133400788,40.7888751049
28028,14.1253461633,24.515280911,8.66957147033,47.3101985446
14463,9.8325495679,22.5753078728,9.14519245201,41.5530498927
8666,7.46401507539,22.7220051423,8.40411514781,38.5901353655
4537,15.5789577939,21.4513610003,8.92909987271,45.9594186669
15646,9.41596199302,24.4748397535,8.17823173772,42.0690334843
8003,6.88598216263,23.4441372276,8.79050224082,39.120621631
26083,9.00282463493,22.6436737237,8.44149825844,40.0879966171
14696,8.09347146676,24.0590447998,9.74061172538,41.8931279919
19682,9.1569277294,26.4714465569,9.2489638987,44.877338185
5254,7.06677566824,22.8322397762,11.91988175,41.8188971945
19341,11.5043005835,29.5774024795,10.4264319969,51.50813506
27111,8.05791464455,26.6331910242,9.94370359391,44.6348092627
1969,8.41151685216,27.1317556533,8.78485427082,44.3281267763
17037,5.86882772118,23.3391380456,8.42548066244,37.6334464292
20700,6.59872852259,27.9048824752,8.64654819386,43.1501591917
28765,8.20478523312,25.0438648538,8.84253976683,42.0911898537
2291,14.1920075672,23.2283523424,11.2185051286,48.6388650383
13272,13.0481470798,24.2399945103,8.27505199477,45.5631935849
22040,6.30542999919,27.585486227,8.80045923101,42.6913754573
18026,12.5737722161,23.0592081879,9.31729230297,44.9502727069
34723,10.4503907287,24.3824948696,8.72146150012,43.5543470984
3716,6.8754585405,25.3033251234,9.57808732688,41.7568709907
3853,9.62382257126,23.1662656976,8.71778947587,41.5078777447
31615,14.948322161,21.631085361,9.9326726821,46.5120802042
24698,5.67852798321,26.400197442,9.02321690027,41.1019423254
19180,7.70853680132,25.6372349798,9.31890528681,42.6646770679
29723,10.2210315821,24.3643080949,8.11028156187,42.6956212388
19356,14.8052731526,27.8251938761,8.86197139501,51.4924384236
8559,6.88395303874,22.5286835627,8.94251654367,38.3551531451
10898,11.0458440299,21.8456093171,10.7365398319,43.6279931789
38265,17.7859457851,23.5211108392,8.65274729419,49.9598039184
17132,11.5553433795,22.9150002823,8.70975817187,43.1801018337
24445,6.74801286777,26.1707242649,8.33177424323,41.2505113759
14559,12.1574585044,30.6577172221,9.86482774632,52.6800034729
2285,10.451940058,22.1747562419,18.1827833069,50.8094796068
37886,13.8853422784,21.8322125774,8.34365186624,44.061206722
23100,10.0286917773,22.4331069484,8.66921197972,41.1310107055
25752,18.5291450557,23.3166393571,8.82543107321,50.6712154859
29706,9.62027275899,24.0474719682,8.72615921183,42.393903939
32184,10.8096034752,21.7134725746,8.65950064336,41.1825766931
13866,9.72103225763,20.9042195179,9.20851126085,39.8337630364
2940,6.94817282548,24.1895631862,8.61423872012,39.7519747318
32322,10.3481462403,26.0151314566,9.86179723845,46.2250749353
18794,14.7841116087,22.4153794903,8.29931521271,45.4988063118
21633,6.36605214302,22.8188624991,9.37368735063,38.5586019927
2429,9.33625489347,22.4914765993,12.7421878959,44.5699193886
18997,9.98550987743,25.4682001481,10.644599822,46.0983098475
2226,7.23786633655,24.6004633422,11.3976727989,43.2360024776
1990,7.602511696,23.0919302576,10.3487235908,41.0431655444
7551,12.1353916056,21.9220600552,8.49967884196,42.5571305028
23440,12.3024683332,22.5278570904,9.44072417665,44.2710496002
9708,8.70721305408,22.974016474,8.96789440754,40.6491239356
13439,9.01683389442,20.8211370161,8.46796336777,38.3059342783
34773,11.197817232,21.524132918,9.45534820959,42.1772983596
20250,8.75239730797,22.0030961996,9.58201540203,40.3375089096
6528,14.275191277,23.2686673027,8.36755847523,45.9114170549
8011,7.11618983489,22.9812533629,11.0014503996,41.0988935974
16642,17.9935108684,26.9568941609,11.2201325061,56.1705375354
32737,8.73584587709,21.1423886709,8.21416155443,38.0923961024
8533,9.71141408696,21.1060584567,10.2348981877,41.0523707314
21913,11.8817619145,21.1854025244,8.4386435474,41.5058079863
9850,7.69806630208,23.404876999,9.11574984294,40.2186931441
14346,12.961863679,21.0563103016,8.80213174311,42.8203057238
27976,7.92385774648,24.3203966357,9.22693686095,41.4711912431
6913,23.3139479929,30.7720614116,11.4557667667,65.5417761711
15041,5.89365041503,25.8259821168,8.4223531421,40.141985674
27939,15.9700989056,25.9347971967,8.44923466085,50.3541307631
36500,10.5697651605,23.4297339099,8.40332629949,42.4028253698
7994,14.2609776609,23.442253355,9.05495821515,46.7581892311
9455,7.0585734843,20.5771296638,8.23916723914,35.8748703872
20657,8.08888256071,21.1491738649,9.05541827404,38.2934746996
9127,16.0246007964,20.8062487426,8.75733725362,45.5881867926
27256,9.34285438493,22.0529580698,8.33935418109,39.7351666358
520,14.7869304696,23.6780702325,8.24936316284,46.714363865
34377,10.1531399175,25.4495973615,8.51318517862,44.1159224576
21344,8.23003399666,22.7989788043,8.71128002161,39.7402928225
15802,14.3095702182,22.2822333601,8.07141817091,44.6632217492
10704,11.7316031962,23.7823238867,11.1737943912,46.6877214742
1355,16.0720756835,28.0851863744,8.38195585099,52.539217909
36345,6.73236642367,22.6459229492,10.580527282,39.9588166548
23419,6.32709745888,23.6620760782,8.3138294997,38.3030030368
37082,8.18009030112,21.1777021613,8.29050199557,37.648294458
278,10.0976497759,22.400816085,8.24609754133,40.7445634023
25622,13.3987452301,23.677872099,9.13699552283,46.213612852
27693,5.43624708311,21.1159024043,8.48945882658,35.041608314
26485,14.0578252094,21.1529287606,9.95594530988,45.1666992799
24976,8.80314421001,23.5967294993,9.62098167733,42.0208553867
26282,9.55263101554,20.6261847547,9.10076507891,39.2795808491
19085,17.3875144279,31.1505031122,9.11162941825,57.6496469583
94,7.1302344016,21.638578706,8.53309941893,37.3019125266
9670,11.1799807083,21.1767724616,12.2334700966,44.5902232665
39231,10.2746955821,23.7943899968,10.0414119934,44.1104975724
13216,7.81079701288,29.0841720164,11.6693582797,48.564327309
18258,7.66978488296,22.64538372,8.38121143445,38.6963800374
36763,9.44327475036,23.5441872544,8.80775630891,41.7952183137
29275,14.7637545825,22.9439434146,9.18490455938,46.8926025566
3933,8.75863612723,23.3278262025,8.88440653711,40.9708688668
30066,11.0324822879,23.7839662802,8.95958626035,43.7760348284
20097,10.6020843875,30.8114872143,8.61392291869,50.0274945206
8271,11.5612112059,24.3465778608,10.2168656576,46.1246547244
19104,9.03803008733,25.9759010266,11.1590058209,46.1729369349
27753,6.58534632855,28.6619043124,10.7760935503,46.0233441912
5606,13.8021691065,30.0396562091,9.21488388154,53.0567091972
1535,8.54007705244,23.0851995432,9.37641579832,41.001692394
7426,10.3786299773,23.6725258175,8.85959749247,42.9107532873
2008,7.9157214229,21.8676694686,15.2192103797,45.0026012712
34182,12.9183347352,21.9850448286,8.27340404631,43.1767836101
31659,12.8351193917,20.9236965804,8.69903314535,42.4578491175
18904,13.129950597,26.4452849816,8.68706575288,48.2623013315
28312,7.68873201843,24.8402141084,17.3904350081,49.9193811349
27884,7.79760544988,21.0756243869,8.65656481562,37.5297946524
21646,10.6743653933,22.0245009924,8.70542578424,41.4042921699
32739,8.85119003425,21.2516644669,10.0977910069,40.200645508
1467,7.82962368484,23.5026947786,8.6732484274,40.0055668908
28607,6.68332794847,23.9832037615,9.36530421458,40.0318359245
16753,7.92349093054,22.2223962567,8.36470596873,38.510593156
13179,9.92003406545,23.274595636,11.0379812701,44.2326109715
17455,10.5178769613,24.9378083384,10.3883429506,45.8440282503
29638,11.6508177545,22.2172882241,8.7625720926,42.6306780713
13261,6.62573509524,25.5110552191,9.89978257585,42.0365728902
16005,11.5164559867,23.3188685467,9.96199106034,44.7973155937
29256,13.1780112928,21.8686984195,8.83949358223,43.8862032945
31276,8.01476531322,26.6733200408,11.178305303,45.8663906571
31291,11.8036207699,23.2204840148,10.0152082046,45.0393129894
10611,8.06126733128,24.8760650624,10.8227237107,43.7600561044
7813,10.7561403754,31.6128226867,9.28505354293,51.6540166051
22124,10.3558752089,26.7198218962,11.2946557665,48.3703528716
20786,16.9871526233,29.9529087686,11.6336867011,58.5737480931
34836,8.03589415574,25.385524711,8.66180149259,42.0832203593
39628,12.4239767757,28.1940165351,8.61289327161,49.2308865824
27871,22.8989149211,21.4234046178,8.22765061717,52.5499701561
14788,8.01901838496,23.0934077616,8.54119613306,39.6536222797
28365,12.698663886,23.6764072616,8.95408064143,45.329151789
15733,14.5750778388,26.0965623625,8.46082625438,49.1324664558
21018,10.0703601986,23.3086302879,10.5342523608,43.9132428473
18742,7.26716103933,24.9328085911,8.56432503395,40.7642946644
28880,7.01784118669,25.8704007132,8.34381760783,41.2320595077
36407,9.77301347513,22.4326261622,8.24476445114,40.4504040885
29881,13.7844912665,21.4723029303,12.3195233221,47.5763175189
5039,14.8660214688,26.8762283443,8.25517324185,49.9974230549
35990,8.71750788001,23.3757509323,10.1299903623,42.2232491747
37874,7.56801980895,22.4986066586,8.36409904121,38.4307255088
11003,7.68338818664,22.0142304781,8.53608177382,38.2337004386
13864,6.08326613541,25.5904686821,8.56331473367,40.2370495512
7453,9.59552872582,25.2860944252,8.58719253192,43.4688156829
7366,6.19048671915,20.9911474204,8.48566568963,35.6672998292
20830,5.27362851725,24.480226526,9.02276227838,38.7766173216
21226,7.30589617902,29.3510289514,15.9180113837,52.5749365141
3025,6.82369208533,21.2850763081,8.34935078795,36.4581191814
28097,11.1439696397,21.0454823456,10.047465125,42.2369171103
8902,17.4543922997,22.7651357224,8.07587490542,48.2954029275
21906,8.68606554088,22.7787807,8.6523266414,40.1171728823
30855,10.8714998796,21.724954439,8.58801387518,41.1844681937
2178,15.2535170067,22.7306037127,8.29964584049,46.28376656
18621,10.5017207743,22.0339852013,8.95433216978,41.4900381453
7884,14.127420434,30.3722397239,11.3863931065,55.8860532644
33168,10.1407463116,23.1653595146,8.75171847898,42.0578243052
20973,14.0587811546,27.1986906433,10.1073938906,51.3648656885
4079,13.8020359585,24.9219841612,9.89985429028,48.62387441
30851,9.28204128016,22.3956126021,8.72776032049,40.4054142027
31906,6.86392111114,24.6863746249,9.15985223585,40.7101479719
28718,9.98733689506,21.5091775665,8.78518164037,40.281696102
33342,10.6327100549,22.0967547242,8.70418001513,41.4336447942
24018,8.84122929819,25.6315561478,9.76776342796,44.240548874
30626,15.6435219618,21.9003189162,9.83625808175,47.3800989598
25722,7.23397098211,24.5552667805,11.155085642,42.9443234046
24803,8.69728026221,27.6073188491,9.94767526351,46.2522743749
21875,7.48430717828,23.6235294757,9.13758444788,40.2454211019
6251,7.3548971415,26.4123697247,8.28525077891,42.0525176452
27679,8.86250745395,25.0700585645,8.50633144133,42.4388974598
28124,9.18989631174,25.5054207778,16.0924238406,50.7877409301
20053,13.1110629968,21.3019768653,9.15137132776,43.5644111899
30139,7.53263804533,24.1546580445,8.36429903592,40.0515951258
11261,13.7020526741,21.9309681572,11.8937544864,47.5267753178
29564,9.29030639059,22.622774162,10.7523728833,42.6654534359
3274,7.0567141324,28.0912642602,8.62317699416,43.7711553868
14848,11.7201954978,21.4180562048,9.31480545933,42.4530571619
35766,10.354111471,28.021905153,9.6307115152,48.0067281392
29331,11.4322136982,22.2689042974,9.59417671,43.2952947055
18652,11.3800549087,21.4088403568,9.03397811315,41.8228733787
3527,7.70695430734,24.0373138932,17.11149299,48.8557611906
16327,13.6115637191,23.0371282016,8.85258808804,45.5012800087
9532,7.96095939111,22.4947980205,8.48828261292,38.9440400245
36457,8.74554205766,27.2881457581,9.36874182084,45.4024296366
4766,7.61515208729,22.2958173514,9.06234918044,38.9733186191
33466,8.55538925216,24.6486079822,8.27961173558,41.4836089699
36741,8.97230105425,26.7231832744,7.97478521912,43.6702695478
10631,9.58038194677,23.0169617072,9.96996084726,42.5673045012
38146,6.1417895894,22.6135366737,8.47724110295,37.2325673661
22772,11.7096592925,24.3044297745,8.94153012265,44.9556191896
22270,11.7133499638,26.4635574807,8.38416135587,46.5610688004
14882,18.4716262278,21.3726792744,8.65433568013,48.4986411824
16927,13.0496519385,22.8762774723,9.80766300987,45.7335924207
9404,14.7090515885,23.6816453328,8.58322518807,46.9739221094
7600,7.48410986044,20.808251351,8.98610164373,37.2784628552
33673,10.12900352,22.776240581,8.65509657636,41.5603406774
11905,12.2926842852,22.0139336074,9.21874450513,43.5253623977
12384,6.03883984611,24.5519918107,8.87677957992,39.4676112368
28133,13.3956471039,23.4385759609,8.59215027288,45.4263733377
8862,14.5125510135,22.0002820584,8.03663626107,44.549469333
37995,9.07292139191,21.8877578644,8.72087801477,39.6815572711
24721,7.45107289577,24.1007890757,8.56327562673,40.1151375982
38307,8.60072705974,20.8756498012,10.0236044594,39.4999813204
20740,6.45791665354,26.2227824375,9.26094010888,41.9416392
21,12.2464674283,22.4829790036,10.8369190532,45.5663654851
8664,10.1973367988,24.0797917594,8.63000521027,42.9071337685
5133,13.4787062922,21.0411485657,11.7591869608,46.2790418187
39375,12.3235337751,30.4435783448,14.9207395923,57.6878517121
33827,7.5135437369,21.5321068395,8.33802607474,37.3836766511
39630,12.673860564,25.314632929,8.30373825755,46.2922317505
26327,20.1758484782,24.7356498828,9.6311824959,54.5426808569
19718,9.14567260163,22.1895191248,11.278554692,42.6137464185
13298,6.51847515029,24.1428483903,8.82941719774,39.4907407383
24387,9.92939611433,23.4337809699,8.51874547852,41.8819225628
7053,7.67580194122,26.0487131513,9.17284036687,42.8973554594
11555,7.86485825145,26.3719961995,8.26224736895,42.4991018199
6119,6.63302485169,22.1179578363,8.21566927327,36.9666519612
13223,6.88766866574,24.1731108513,8.6080695,39.668849017
24575,12.4572951496,24.9634853577,9.13094045387,46.5517209612
9376,6.47488137151,21.5074263775,11.3369036255,39.3192113745
25657,9.60347166202,26.4892884157,9.15774328463,45.2505033624
23430,7.70325946093,21.5400880665,8.70076119483,37.9441087223
37109,7.0238450591,21.5113362278,8.63012103996,37.1653023269
31041,9.49348824079,23.5907655295,10.2801823065,43.3644360768
36994,8.8170137757,22.0200752182,8.58368551216,39.4207745061
18736,10.7802683109,26.8994272204,8.1128163285,45.7925118599
28307,7.75128403328,20.6212320958,8.58055256322,36.9530686923
36839,10.3294271465,21.2202163852,8.78596517649,40.3356087082
881,11.6580682545,24.7215968301,8.5770005266,44.9566656112
27193,16.0107934747,24.6637966878,8.20115501245,48.875745175
28094,6.933433702,24.0517821275,8.23803113468,39.2232469642
19091,9.5338566334,25.4109230162,14.8735839537,49.8183636033
16033,12.3113430992,27.2445477828,10.2003393516,49.7562302336
21773,9.0729193864,24.6207386673,8.59354699997,42.2872050537
33292,8.44302601041,32.8959005651,10.5692409705,51.9081675461
17727,13.7879486166,20.8172620418,13.6120781282,48.2172887866
16696,8.84505313709,24.5344699527,8.69163418636,42.0711572761
36,7.37557564671,23.8366050076,9.9712497327,41.183430387
17102,6.07551841824,25.7237338464,8.4107663316,40.2100185962
11310,6.76393098742,23.917808971,12.1706612357,42.8524011941
28469,11.2426188406,21.3978936883,10.2247266265,42.8652391553
11773,13.1866380977,21.9364931956,8.8068683385,43.9299996318
34821,11.8953421277,21.3317746136,10.3966440783,43.6237608196
30640,7.68879331899,21.422068752,8.17472518141,37.2855872524
39983,9.29888622124,24.7898149318,10.2041581572,44.2928593103
7718,13.6686412537,21.0735549303,8.98068389126,43.7228800753
27012,12.7786813528,21.6587737963,10.2116409834,44.6490961325
18206,6.92670580791,28.0845068416,8.69303975187,43.7042524014
11454,12.7067566994,22.7285683941,8.66126039668,44.0965854902
29000,8.36691462286,26.4069756945,8.4891293444,43.2630196618
35360,21.0379403545,21.2382737978,9.93548008693,52.2116942392
27288,7.31564758173,21.9292486299,10.9540914869,40.1989876985
9675,12.5464714123,22.1736556385,10.8445341799,45.5646612306
19021,11.8781683778,23.479123751,8.8969826375,44.2542747662
7873,7.68768670191,22.3268745016,9.84559919151,39.860160395
30649,10.9170822808,22.7398987157,8.6540433206,42.3110243171
16700,6.93456956504,25.2623287725,9.14237717971,41.3392755173
37494,7.51993342022,23.4495566611,10.2898333342,41.2593234155
7682,7.37479247397,23.8906675713,8.97966116064,40.2451212059
11483,10.1159277418,24.4445296207,9.71379214129,44.2742495038
9036,9.9477683349,25.3031209671,10.0105879429,45.2614772449
22129,14.3493031422,25.8581737052,7.77772136465,47.9851982121
13726,6.94820793606,30.1441062298,8.29526064968,45.3875748155
22899,9.27562908839,28.3682949108,10.1110999185,47.7550239177
15032,16.0595581701,22.1701834245,9.37507411491,47.6048157095
8453,13.0543890247,21.8128087356,11.810016491,46.6772142513
32783,10.6253775939,21.9333916206,9.06052791787,41.6192971323
1736,7.01780453803,28.0581268978,9.97766620986,45.0535976457
21199,10.5461586135,23.3020855243,8.1022581035,41.9505022413
33655,7.44171902641,21.7585670543,9.65215596092,38.8524420416
7142,11.3426367039,23.0585649398,8.37515246006,42.7763541038
1698,11.8717652654,26.1859677115,8.3552200582,46.4129530351
29569,9.30320868888,22.2055544489,9.10298702093,40.6117501587
10121,10.6136446433,21.8291237069,16.5298721841,48.9726405344
11783,11.8354641356,23.9033466158,9.55475344397,45.2935641953
33969,7.52234734201,28.4798999097,9.18891811246,45.1911653642
15049,11.2141901944,21.5602495853,9.42378707762,42.1982268573
25506,8.74161663796,21.9845980242,8.71201013225,39.4382247944
37104,7.50147018705,21.342765659,9.35743926212,38.2016751082
28386,8.40580602037,20.76520082,8.95486981159,38.125876652
13641,11.0795209984,21.448360293,8.7925083611,41.3203896524
6483,15.2768247687,25.9551446101,8.56372208551,49.7956914644
33086,8.13428216297,21.9324571105,8.81045893061,38.877198204
27372,8.70038304495,23.9576235082,8.46607202215,41.1240785753
1712,7.03634847986,23.0971319107,8.80819196495,38.9416723556
15455,13.2811889473,24.44801572,9.06401782089,46.7932224881
6212,9.94627174571,23.1754488112,9.32281031652,42.4445308734
1916,6.85068123906,21.7734992287,8.78334872756,37.4075291953
35009,12.8250647353,21.4641309647,8.58155888662,42.8707545866
35167,6.80295598892,22.4201520925,10.0246032197,39.247711301
18643,9.64816216137,22.919855323,9.8523156138,42.4203330982
39848,13.7747711131,21.646598429,7.86743942486,43.2888089669
1668,7.31322642643,27.580503446,10.1443814439,45.0381113164
265,6.6873273507,23.1304313279,8.41895526505,38.2367139437
27292,7.82587281998,25.9875170562,8.55602286854,42.3694127448
17284,6.91290075351,21.2392276435,8.80161553002,36.953743927
16963,14.6624793488,29.9321071576,11.1917227536,55.7863092601
19300,9.62986956101,24.2757411369,8.97101053467,42.8766212326
27798,7.00458017571,28.6741499861,9.53161370554,45.2103438673
35295,9.26058393002,20.9311436734,8.83217744428,39.0239050477
23647,10.7925982348,23.9609438634,8.69153808951,43.4450801877
38417,16.4318575164,22.042021169,8.77299115305,47.2468698385
26721,15.2822408799,23.5428366633,9.23307065396,48.0581481972
17634,12.2767808916,21.2166292489,10.7952400874,44.2886502279
31441,9.66191126518,23.7189490605,9.24345286153,42.6243131872
12111,20.1682098653,22.8671766308,8.27215388579,51.3075403818
37852,8.29417710366,22.7474189114,8.39406034033,39.4356563554
15022,7.85267301706,23.1951667782,8.77985518456,39.8276949798
36956,8.79825551936,21.8969879615,9.00303257935,39.6982760602
21036,15.5597371364,25.8985052658,11.26306533,52.7213077322
16374,7.90690143177,25.9813601267,10.2378981243,44.1261596828
8792,10.9753383947,26.0082524465,9.54861891626,46.5322097575
16611,10.403161684,22.7048475885,8.63466569359,41.7426749662
9395,6.6469516603,22.760674298,8.73223188623,38.1398578446
11388,10.3011728684,22.5047032206,9.7087657214,42.5146418103
6158,5.81943568919,22.1156407188,8.6534146376,36.5884910456
1965,9.70073135562,23.581684957,9.63397121035,42.916387523
11053,8.23927447339,27.2064265051,8.51855405076,43.9642550293
11139,8.28684573759,23.1260018547,8.29973502388,39.7125826162
25136,8.53052363155,31.507652584,9.03719012076,49.0753663364
30547,8.39687757406,22.965908308,11.4594384643,42.8222243463
10724,9.20578001089,20.8123806632,8.48793683769,38.5060975117
7171,16.0470366564,31.6807535227,9.63134027714,57.3591304563
10289,7.53812790358,21.349254112,9.12033998829,38.0077220038
38843,10.6801007314,23.823209579,8.7100395495,43.2133498599
39618,11.151997118,23.1313621276,9.41856626691,43.7019255125
18536,8.38429458836,21.6620977945,8.39683345214,38.443225835
10097,10.8459843572,24.8781244133,8.81832748362,44.5424362541
18006,9.02859691772,23.7073623047,10.0495061327,42.7854653552
14219,6.61842200701,30.3875199011,14.8067590205,51.8127009287
35661,9.49067244149,22.0030759145,9.73934917662,41.2330975326
29279,11.9879967121,20.5959716133,8.55634050104,41.1403088264
11948,9.25232641208,21.5137434244,10.1993238844,40.9653937208
34513,8.31614211999,23.1649449166,9.95775603837,41.4388430749
27382,7.30219539552,30.3382297773,8.37141456786,46.0118397407
25051,9.42298280046,23.6026514958,9.39481743932,42.4204517356
24662,9.22925427352,25.742022442,8.23002775512,43.2013044706
8436,11.8587833582,23.7024102717,12.5618656264,48.1230592563
33882,13.195009842,21.7165170848,8.66886932899,43.5803962558
3080,7.33257744553,22.8605054663,8.37978632016,38.572869232
35956,9.88106187331,20.8454705191,8.78528609332,39.5118184858
4794,13.1570799825,21.3913656686,8.50353140274,43.0519770538
21623,11.4381543417,21.5382320146,8.77083872786,41.7472250842
31529,12.152909545,23.1039346463,8.73446194877,43.9913061401
25633,7.6798875789,30.4660605555,8.80385631994,46.9498044543
11917,17.8856256064,24.2971337859,9.09909852299,51.2818579153
23300,14.5053271256,26.4736413179,8.3764242013,49.3553926447
1541,8.27479578209,23.1062214415,8.31933123856,39.7003484622
5004,9.51620819037,20.9012536448,9.29422336036,39.7116851955
35539,7.69978499038,21.8908586604,9.55823917478,39.1488828255
8811,6.72563031756,23.98109914,12.5653670026,43.2720964602
2339,13.5727138008,23.6121395779,8.99632810913,46.1811814878
5332,7.32684238495,20.9230607925,9.3854534867,37.6353566641
19360,8.1773486478,21.6614976107,11.6079368185,41.4467830771
8906,7.88368345319,23.5459714493,8.98945793346,40.419112836
30026,12.3614730094,25.5073917785,10.1868645767,48.0557293647
37618,7.36446671609,21.104296329,8.40379903617,36.8725620813
19031,8.86607174252,24.5789632143,10.2829474681,43.727982425
12333,7.9171899519,23.0696070638,8.93825434795,39.9250513637
26722,5.90057237982,21.5077174114,8.79536620307,36.2036559943
28172,10.1626642432,21.6150909969,8.5506989808,40.3284542208
26146,5.1353916442,23.3119355217,8.54182722064,36.9891543865
32899,6.57004968838,20.663362882,8.22081549765,35.454228068
2542,9.43002593432,21.2807197204,8.47200104978,39.1827467045
34419,7.39582810267,21.2099439258,8.54522135595,37.1509933844
35953,9.96414652023,24.0805565661,15.5398179944,49.5845210808
30769,10.6578801902,21.7720284568,8.68648145573,41.1163901027
26156,11.6106727087,22.1263782096,10.0053958964,43.7424468147
5833,9.50185508303,25.93034961,7.96671081861,43.3989155116
11456,6.65368763638,30.609362253,8.77787658193,46.0409264714
27561,11.5703274136,24.2925418986,8.59058430144,44.4534536137
9691,12.4698590052,31.209180766,8.25403786363,51.9330776348
16230,6.59635854957,28.6885515763,8.17187738279,43.4567875087
2496,10.0234757528,29.5556085649,9.37009186429,48.949176182
15473,10.0828873098,22.8022730198,8.75863620945,41.6437965391
23911,12.3970646755,22.5940848227,8.04800917354,43.0391586717
30522,10.8910809289,21.9426648655,10.3608019023,43.1945476967
9767,8.81791010312,21.8153638187,8.89948012665,39.5327540485
1451,7.37143158194,24.1084345949,8.97289145699,40.4527576338
29541,9.03405038896,20.7618868279,8.32720260066,38.1231398176
14507,7.46026568942,21.8586501042,8.87608169858,38.1949974922
12870,10.5573056489,21.8373933108,8.21569167847,40.6103906382
6971,7.9055010974,21.2988558577,9.0243319082,38.2286888633
7458,7.12985777269,23.0375086642,8.96812910751,39.1354955444
28853,8.12118327488,21.5909741904,10.5228020103,40.2349594756
21503,8.72986819828,24.6671998302,8.68134113738,42.0784091659
6946,8.35864080453,20.7978641787,8.61450925512,37.7710142384
28236,15.3931993511,25.7919679919,8.43034549356,49.6155128366
5773,6.36685361837,23.4147347663,8.54479307611,38.3263814608
32562,10.6048354711,27.7168084236,9.29452340565,47.6161673004
25240,18.5944550334,27.9791635433,10.0670447613,56.640663338
26418,5.5380468548,23.7818170522,9.45297589707,38.7728398041
36484,10.5938814796,22.128166584,8.49643300111,41.2184810648
32048,8.98577753433,24.5316536579,8.80198969934,42.3194208915
22315,9.15862471028,28.9558833146,8.83442967477,46.9489376997
1503,9.73471628605,23.3398899909,8.91588726498,41.990493542
27570,7.56565482892,21.2553455962,11.4434443475,40.2644447727
24213,8.49637360168,22.5628066259,8.49047929411,39.5496595217
21494,7.54013933539,24.1700817869,8.10604209149,39.8162632138
35726,10.3535157136,24.9342268362,9.33781981093,44.6255623608
9079,10.586539256,20.7616965725,8.4667098822,39.8149457108
25429,13.4231578574,21.5605935019,8.33141068221,43.3151620414
15355,11.2150396021,23.2889356806,13.1495926379,47.6535679207
36514,7.92557613325,23.952039447,10.0834094339,41.9610250142
17834,11.5130207065,20.8896042516,9.03608705251,41.4387120106
26617,11.6843109395,21.1377533633,8.56541290265,41.3874772054
31001,11.3903628336,21.4113141957,10.6342793241,43.4359563534
4827,10.0515852704,21.6183655551,8.37925951842,40.0492103439
19073,11.4223649053,29.5475419015,10.0426381072,51.0125449141
26751,8.40114391185,27.3251098365,8.52031727567,44.246571024
23571,8.22716775614,22.4403013375,10.9487114939,41.6161805876
14175,18.8029780351,22.9224885997,8.40972370028,50.1351903351
15737,8.69791435926,22.979486538,8.79388247241,40.4712833697
16959,8.72662633166,21.2510297932,8.93257010003,38.9102262249
21572,18.8275819796,20.8430255146,12.2173818904,51.8879893846
1432,6.50220889791,29.8278778109,13.1091954977,49.4392822065
2105,7.22791085424,23.0111976234,9.08884234951,39.3279508271
33338,10.7600837411,24.7182985298,8.21819778817,43.696580059
25898,8.13860827475,27.9398079154,8.49074981467,44.5691660048
21157,9.22589811679,25.1532283512,9.20533579534,43.5844622634
26971,11.4503628213,26.3394615733,8.24192981797,46.0317542126
38636,6.48720017841,22.3240289515,10.6958109265,39.5070400564
16498,10.0357803618,21.9064742105,13.2903952741,45.2326498465
38148,10.2972290155,22.8981133077,8.82348170792,42.0188240311
15635,9.19707030995,23.6234170763,8.58838150765,41.4088688939
1469,11.8299936756,23.0745828834,9.17276017886,44.0773367378
7291,8.40150633919,24.6662174189,8.45634269242,41.5240664505
29701,15.847251969,22.0603001515,9.83156091999,47.7391130404
17989,5.9530648086,23.2759333515,8.38300005196,37.611998212
16758,6.46237323704,26.9342758554,10.4433124527,43.8399615452
36190,6.51973344075,24.4537343369,9.36975586269,40.3432236403
16643,7.74066208607,24.5970854229,13.9944010333,46.3321485423
6061,5.32025530901,25.0254974309,9.17056753643,39.5163202764
15115,12.4647119436,23.0552195987,9.07229425838,44.5922258007
11560,6.51211762453,21.1834156826,9.62945887999,37.3249921871
24038,9.55759867036,27.0931298226,11.7496486142,48.4003771071
20338,9.66067133223,23.1002233114,8.01172330033,40.772617944
11401,8.1817931104,22.5516872888,9.02950669474,39.7629870939
3196,7.86741081433,23.3143831057,9.01697547404,40.1987693941
35680,12.7298596344,22.6902771486,8.97998279572,44.4001195787
379,6.94749552498,24.0763393915,8.91617368233,39.9400085988
16110,6.89572882948,27.8300618418,8.08149533496,42.8072860062
1339,11.3182503193,21.6682549117,8.63475606711,41.6212612982
35411,10.3805866581,22.9672516808,10.7995767918,44.1474151307
31892,9.72679269242,21.0952268574,8.63251233843,39.4545318883
37451,7.50409065021,30.2095612928,12.9495956655,50.6632476085
12196,7.84658084013,25.8683078133,8.34051344441,42.0554020978
21488,6.1401867175,29.2191569838,8.57803992495,43.9373836263
33370,9.13315484625,21.8322509263,8.85253726176,39.8179430343
7633,7.89924385005,22.5530761938,13.0570966331,43.5094166769
9627,16.6497011482,22.1644753371,8.2838567583,47.0980332436
6229,10.3470471541,21.8012197589,8.58357480699,40.73184172
19054,9.5833664741,21.1924471326,10.3124992546,41.0883128613
8014,11.9773050975,22.1269906413,9.15006342814,43.2543591669
28065,6.60052874886,21.7266234992,8.64368538475,36.9708376328
37788,8.13192574892,24.8253179885,9.63341707394,42.5906608114
23985,12.3165009046,22.4869994706,8.43807306635,43.2415734415
32583,6.76662185457,21.5214599918,8.53057673808,36.8186585845
26416,12.4691006977,21.9558665473,12.1994279583,46.6243952033
38416,10.9336583665,26.5190737421,8.27132737564,45.7240594843
38768,10.3935906889,23.3530801839,9.60426687006,43.3509377429
33189,7.42009514015,24.8064538404,8.8191745651,41.0457235456
29038,8.03484025519,23.1998132871,10.9376435806,42.172297123
22633,9.39215388155,24.5460840986,13.8364471171,47.7746850972
8877,6.43820849323,22.2413914149,8.59433967817,37.2739395863
14679,8.20561758217,24.2973679222,10.9824928802,43.4854783845
14553,5.65058022096,26.3387817671,9.36722895242,41.3565909405
3112,7.50201759057,25.7001391835,8.39783347683,41.5999902509
6478,10.8176748363,23.2783466387,9.06009412665,43.1561156017
25502,7.80684491701,25.5468737781,8.40063552429,41.7543542194
19609,7.43281439374,26.4816355472,8.84386044565,42.7583103866
18724,13.9266776964,23.2299132197,14.7644136873,51.9210046034
33304,6.81722640789,21.402124687,8.73263585992,36.9519869548
17016,8.03950804135,22.6491186784,9.64648764576,40.3351143655
22694,13.8133149987,21.651385101,11.8127800707,47.2774801704
28224,8.42863981255,21.8973211036,9.94052364107,40.2664845572
24609,9.80625168221,24.287514362,10.0311001127,44.1248661569
29935,6.349389515,21.5129574542,8.61699297287,36.479339942
2642,8.31007329841,26.2303024826,8.54919754389,43.0895733249
23708,8.66860834386,21.2668556616,9.54502063923,39.4804846447
26412,13.7502341229,21.1970043133,9.78525613429,44.7324945706
21912,10.8393039484,21.5754838685,8.74210802447,41.1568958414
10380,13.8722178144,26.9434624387,11.4460156374,52.2616958905
18183,11.6028660208,20.7771171843,9.07711305389,41.457096259
3439,5.68435480693,21.3922095663,8.81489692821,35.8914613014
24285,5.91412894353,22.6126912069,8.3140935229,36.8409136733
6532,6.95180053512,22.4326501373,8.21252295092,37.5969736234
22489,7.25153828484,23.9873844165,8.54217306679,39.7810957682
27511,7.82394140708,25.82694147,8.3928650768,42.0437479539
31352,11.6347367794,23.6396641325,13.0315106091,48.305911521
19288,7.8461053898,26.7567751574,8.30764744784,42.9105279951
39250,7.63139974137,34.4352417349,8.41242454205,50.4790660183
939,8.32892227793,25.7200659984,10.7512227118,44.8002109881
15202,7.80509821701,20.7900152445,8.31339554028,36.9085090018
10604,14.8937042235,23.0991320349,9.10131965791,47.0941559163
34570,11.0458326652,23.2266412434,9.20987213794,43.4823460465
23484,7.25828032657,27.1261585697,8.89208142155,43.2765203178
3421,9.23531109207,21.6210117684,8.93471731819,39.7910401787
13995,8.53036812803,21.3122721511,8.26770496226,38.1103452414
29869,8.34980995403,23.006854122,10.2919364375,41.6486005135
17396,14.2226346427,25.792149914,8.96844011518,48.9832246718
32206,6.50989901556,21.2189997322,8.84535978831,36.5742585361
34776,6.88191500841,26.4903955951,8.24542277094,41.6177333744
25517,7.25457339278,26.5581272725,8.74752104723,42.5602217126
11492,10.1750110773,22.6341237935,8.61539054202,41.4245254128
23851,9.13432778943,23.4416737782,9.94715815963,42.5231597273
7445,19.0819042693,35.4755014636,8.80665898948,63.3640647225
29135,9.68905081757,21.762817953,9.53878785792,40.9906566285
3395,7.78470833778,26.3953666861,8.69096209656,42.8710371204
36071,9.6261145716,26.0257109544,9.58503510362,45.2368606296
36900,6.46382415358,22.8543551783,9.71482540238,39.0330047342
4562,18.4661461291,24.1703908607,9.39534621287,52.0318832026
37298,7.49522123502,25.470274622,9.94603489672,42.9115307537
6075,8.24044299118,21.5000454547,9.12408343927,38.8645718851
31487,6.98012621285,22.2255919224,10.5382792124,39.7439973477
20026,8.18869232179,31.3137777436,8.38529187463,47.88776194
806,6.63029023395,22.1872126529,12.1047789691,40.922281856
35004,12.5038669364,32.7853243053,9.33661107454,54.6258023163
27161,12.0435039282,29.3843399322,10.1666332152,51.5944770756
17078,5.48059880177,23.978847479,8.57051471623,38.029960997
31401,9.66191126518,23.7189490605,9.24345286153,42.6243131872
4347,18.8400153825,28.9978160219,8.88349813399,56.7213295383
39512,9.09816926501,24.3991928156,9.13791400897,42.6352760896
20612,13.5841783369,27.2969617419,8.2795894604,49.1607295391
3450,7.53660668062,22.5486364028,10.3477098045,40.432952888
30174,15.3633304024,22.4676032156,8.82345304095,46.654386659
32802,10.2506174441,26.37229153,9.17379069551,45.7966996696
16152,8.54959843412,22.7600396042,9.29165131156,40.6012893499
23067,6.6892892546,21.3737077445,9.94522489464,38.0082218937
12126,11.7958799037,23.1910634854,8.34945629758,43.3363996867
11530,10.8184175951,24.0794099381,8.18853864894,43.0863661821
33676,14.9230363615,23.0170883222,8.67260092503,46.6127256088
3144,7.13421493015,25.4644502811,9.93739166058,42.5360568718
5145,9.34204883504,21.8007644431,10.0724031975,41.2152164756
35506,12.96362761,23.9558811907,8.77879274173,45.6983015424
13514,7.38802830725,29.8533485867,8.65174414744,45.8931210414
12988,8.43614604408,21.1335000919,8.80325805765,38.3729041936
31916,14.5043180826,26.7330281651,8.74596375405,49.9833100017
29205,7.14379797261,23.8181661726,8.59228933351,39.5542534788
6515,7.7234762084,22.2246716307,10.6789720676,40.6271199067
12294,8.74465493265,21.5720611483,11.1279290868,41.4446451677
7371,7.25580581566,23.7883599648,8.41401658728,39.4581823677
29633,9.72156099072,21.9386480314,12.4074831355,44.0676921577
24791,10.4853374327,26.535243118,9.17647766929,46.19705822
18929,11.3285121308,21.1923399685,10.1495292977,42.670381397
18455,8.83619400587,22.2416479678,10.4669187041,41.5447606777
11916,6.9257278395,21.9825965149,8.23927416053,37.1475985149
21039,10.7087543953,23.0036456268,9.00814610363,42.7205461257
25470,12.0571535482,23.1280605808,10.2291546495,45.4143687784
817,7.02519960466,26.7020452638,8.64152033074,42.3687651992
23950,7.31264212961,20.8687293904,8.99795759918,37.1793291192
1279,10.7550871897,27.9326740928,9.14889860316,47.8366598857
31421,15.2067268643,21.250399968,15.585938405,52.0430652373
9714,11.5867116662,23.7004926323,8.45171925246,43.7389235509
18167,9.94879461913,22.7232684922,9.17796082785,41.8500239392
13172,12.0194980612,25.7698041547,8.48337181605,46.272674032
1751,9.85131160871,27.9034486383,8.51761462265,46.2723748697
15175,7.02916195565,23.3190523441,9.26551786456,39.6137321643
6499,6.2791745085,21.6775414757,8.4917271785,36.4484431627
1000,7.52941341401,22.9639178348,8.21003539366,38.7033666425
9693,5.54128551806,22.0216802021,10.2322560896,37.7952218098
3578,7.21531152124,23.0127656824,8.29401840421,38.5220956078
25045,6.49041608416,24.8939293118,10.9861186136,42.3704640095
33398,7.47903935489,24.908117782,11.4409864391,43.828143576
35388,9.68094937584,21.021667187,8.71396358518,39.416580148
5068,9.10240612541,21.8293402098,8.09610304258,39.0278493778
6019,7.35506668393,23.9379610768,10.540557925,41.8335856857
21079,10.0326869099,23.7943282475,8.61556066429,42.4425758217
6814,8.43515051482,20.7185772586,16.3058184942,45.4595462676
14878,8.14024338637,21.9510074972,9.25652614117,39.3477770248
4362,5.52795592889,22.6815277222,15.7750248668,43.9845085179
16549,10.9629494917,22.5006686938,11.0354765592,44.4990947447
36080,9.12523933421,23.0359206633,9.70830199444,41.869461992
27476,9.29211086,23.7144849091,8.8387698589,41.845365628
35192,10.0053560655,23.7683495971,13.8536079224,47.627313585
1710,11.3042339386,21.5430268293,9.12426225481,41.9715230227
36795,10.1477413156,31.7847318054,8.39557550664,50.3280486277
10852,10.0060057032,28.3312688125,8.36901238861,46.7062869044
34640,12.096112654,27.9871800375,9.94960988597,50.0329025774
7319,6.254206205,25.2959550616,9.299371104,40.8495323706
38665,9.94944589164,21.8797158277,8.53615583627,40.3653175556
9505,8.45399406206,22.9263430793,9.22426355407,40.6046006954
246,9.4920898621,26.7955715976,11.8943969799,48.1820584396
35972,11.6439910785,21.084984421,8.68879967443,41.417775174
24432,8.1142307617,20.6437256949,8.50718944224,37.2651458988
14121,15.7768499156,22.3687991582,9.08655781869,47.2322068924
31598,12.8691988885,25.6743105976,8.71679435945,47.2603038456
18108,10.8793086317,24.0657094308,8.16835360263,43.1133716651
28248,10.5711271501,27.3425522202,8.36967755255,46.2833569229
37125,6.80180729962,21.3761409999,8.28274625608,36.4606945556
20463,8.86316329744,26.1675165259,9.11935508446,44.1500349078
14079,10.1960740967,24.5081267009,8.31343938317,43.0176401808
29741,12.4664382142,23.896895476,8.59489416574,44.9582278559
32107,9.76823403173,26.6604050918,8.05361322336,44.4822523469
17248,7.81492608201,21.9203651879,9.36454191039,39.0998331803
4194,8.35047980374,24.6624857517,11.0662326186,44.079198174
30861,6.07079809853,22.808146727,9.84280659592,38.7217514214
6518,11.9668107442,23.6332103648,9.98388011111,45.5839012201
24772,10.1453197965,21.8329519776,9.05263978245,41.0309115566
30051,9.43662277125,22.2193845743,9.89895361506,41.5549609606
1569,9.58928742815,24.2056643132,9.37180560439,43.1667573457
38259,11.7856377843,24.4190774453,9.62710866072,45.8318238903
15378,9.85098526504,24.0539605805,9.95201343895,43.8569592845
33183,8.38287063575,23.3195764565,8.27964527402,39.9820923663
17222,7.43220765499,24.4223834433,10.4018307079,42.2564218062
36078,6.93646975666,23.656579007,8.42171194042,39.0147607041
33289,12.9968265536,23.7131536599,8.27717184232,44.9871520558
34204,9.74653943689,24.9266457954,9.29627869252,43.9694639249
2747,20.5857499332,26.8651402802,8.60313230074,56.0540225141
25821,9.50591182974,22.6858862974,8.39289122251,40.5846893497
37189,8.1293340156,23.4823910468,8.55154323968,40.1632683021
23059,6.84547495371,22.0140855984,8.51017071558,37.3697312677
37582,10.3893878292,22.5362443925,10.1980252504,43.1236574722
16545,9.53264282063,22.918821965,9.29683221589,41.7482970015
28576,8.37221257465,26.8043408862,8.55361479801,43.7301682589
24405,6.22814202828,25.2596031372,8.11743582763,39.6051809931
9779,10.9594395121,28.0306064617,8.3068004165,47.2968463903
24707,13.8416211482,25.781023933,9.85946232309,49.4821074043
14967,11.2312958051,23.0937010962,9.06247391398,43.3874708152
25616,6.60676773056,22.6836533845,8.69421163897,37.9846327541
10443,11.0170690061,21.5015739788,8.7298105497,41.2484535346
4942,14.0039800416,22.9819909378,9.00722485229,45.9931958317
4777,14.7867385971,27.7262401102,8.68419337524,51.1971720825
19575,12.3280781728,24.1476694628,10.305189849,46.7809374846
8288,7.3021856357,22.0032176176,12.8102205208,42.1156237741
34667,6.40998193553,23.3212723044,8.49955282424,38.2308070641
36114,13.4966172567,25.2334392085,8.48540384136,47.2154603065
3695,8.41772451512,23.9854888344,8.93174923915,41.3349625886
19690,12.0184014674,25.5876691599,8.49364793015,46.0997185575
22220,9.62785234682,20.9896049023,11.0631978194,41.6806550685
35236,8.62639230781,25.5804498959,8.8114380792,43.0182802829
8069,8.17340696919,22.0948855751,9.7717558887,40.040048433
19755,11.7380500382,23.9043789351,8.03744978262,43.6798787559
35736,11.2393375262,22.9734196263,10.1400838057,44.3528409582
7997,9.6779164075,26.4868914407,10.2493554376,46.4141632858
38632,5.92814234455,23.0404735842,8.64420340628,37.6128193351
8841,7.75855612323,24.6864242819,8.95458714166,41.3995675468
26473,6.78598919569,21.199753397,8.73096153018,36.7167041228
22714,7.18889015136,22.5344776435,8.39931807281,38.1226858676
23585,8.19912206275,22.4807275637,9.30203911094,39.9818887374
39708,13.4736256664,22.5199902693,8.58521349155,44.5788294273
29373,11.6036973671,22.4065488696,8.57865227248,42.5888985092
25654,10.2579216551,20.940934603,9.70971444229,40.9085707004
35051,7.82590167614,27.2186111778,8.3949999949,43.4395128488
17554,9.93783611777,21.1823148615,10.7688824939,41.8890334731
10561,9.53528448036,21.0314541071,13.585690491,44.1524290784
23584,10.1291725814,23.933302309,9.34053906886,43.4030139592
34644,8.18320896357,22.8555969675,8.57951324967,39.6183191808
25258,8.03280088051,23.0417561562,8.06683416709,39.1413912038
33347,13.2566514543,21.605399262,9.00491907453,43.8669697908
36249,7.65558220072,26.9180862562,9.06762218699,43.6412906439
33657,17.6116018001,22.1793147808,8.40120865315,48.1921252341
39221,8.03623444802,26.9045727777,7.92084955265,42.8616567783
33142,12.6405941858,23.1160807995,8.50005658038,44.2567315657
8432,11.5408005893,22.9112160324,8.39705015126,42.849066773
23856,5.83302820815,22.5120691717,8.34339564108,36.6884930209
9939,8.71994232302,25.4391913794,9.87500491244,44.0341386149
34077,7.4913188742,23.1593465219,9.36625537542,40.0169207715
28345,8.66207776797,22.868823827,8.53627176359,40.0671733585
28554,11.252085346,21.7210314239,10.8897198094,43.8628365793
23038,12.337761202,23.1142557695,8.22401478631,43.6760317579
2789,18.9140807105,25.6560027258,10.5493636746,55.1194471109
15294,10.9152324718,21.0635567255,9.86954217092,41.8483313682
27696,10.8734511966,22.4327232863,17.275129813,50.5813042959
34032,13.6791021464,21.8719064526,8.20476234691,43.7557709459
32967,6.91781890345,24.8840168881,9.13296176991,40.9347975615
13112,10.5095633773,21.449485091,9.23529625532,41.1943447237
14266,13.1053070459,21.5513796338,8.60392487106,43.2606115508
1731,9.64507662752,23.0363331172,8.52921714959,41.2106268943
5706,7.8691749539,26.63063318,9.54206651912,44.041874653
28447,10.2823472397,23.7516912098,8.64333811928,42.6773765688
12823,7.77881332167,31.5463507085,9.83696394054,49.1621279707
18804,10.2467841156,21.6262404172,11.9764206169,43.8494451496
10003,7.34502655019,23.4266403137,8.59039066193,39.3620575259
5591,11.8031358615,22.7854577349,8.37768799679,42.9662815933
3363,6.93599214709,26.7990798303,11.3127899167,45.047861894
2566,8.51541866204,23.9273771419,8.60934903849,41.0521448424
38797,8.25566603595,28.5693356255,8.53001314192,45.3550148034
28378,8.1135863087,24.2182196427,10.6960169954,43.0278229468
14316,9.48601791855,24.5318003432,7.77069199668,41.7885102585
23622,6.69772286836,22.547146685,8.6051820383,37.8500515917
10703,7.41169880225,21.6056522064,8.99717864875,38.0145296574
18544,13.0789757277,22.0096674965,9.12817552793,44.2168187522
532,9.58851732885,23.317343104,10.0566946647,42.9625550975
10481,7.37904189121,23.2407459708,13.8178519829,44.4376398449
4729,16.4455446511,23.1820866069,16.9732069604,56.6008382184
16366,13.0235466072,21.6139183023,11.7431434413,46.3806083508
21470,11.8518415594,21.0634729022,9.42534149428,42.3406559559
16859,12.2486723457,23.1588719136,9.19367017256,44.6012144318
28370,9.26252128013,23.3790989686,9.46127137479,42.1028916235
33009,14.3611859097,24.5970306826,9.97415888458,48.9323754768
35633,7.13985332877,21.0445713428,8.69449167389,36.8789163455
1851,8.77342807449,24.7779883963,8.39606628014,41.9474827509
31231,12.0426726916,20.899611131,9.45089327728,42.3931770999
5114,9.41945325946,26.3862813817,8.12386281337,43.9295974546
4822,9.14712123906,22.4975729467,12.1897328513,43.8344270371
20274,10.9004263899,22.2378566856,8.57182991518,41.7101129906
21866,9.16142332893,23.2728084185,9.0008829369,41.4351146844
11565,7.71394590586,22.7414073974,8.24524938841,38.7006026917
10851,6.63967891239,26.2119636424,9.81730970308,42.6689522579
13392,11.5508254393,31.7656609237,10.9626248693,54.2791112323
1182,13.7921103001,22.8071161079,11.0350501653,47.6342765733
17276,9.62393908212,24.327889448,8.34146754863,42.2932960787
38713,8.5630620089,25.6051945104,9.25997335976,43.4282298791
13733,15.0867396217,23.3176464026,9.78836953444,48.1927555588
30619,13.7370562841,24.1206968636,9.00941971976,46.8671728675
20714,11.1616416262,22.6186617663,8.52923091846,42.3095343109
9503,11.3735627494,23.79641393,9.59205464552,44.7620313249
4770,7.17770081439,21.3430806211,8.33737698586,36.8581584213
38658,8.83019139709,28.908947227,8.50186132234,46.2409999465
8300,8.07701511379,26.8762895327,9.15955947133,44.1128641178
37255,9.61667225393,20.7648262346,8.48014461163,38.8616431002
36577,6.30593306126,27.6635252575,10.5613010166,44.5307593353
7193,12.7251008671,20.9386891398,8.07077218693,41.7345621938
2740,9.61119830463,21.6418281178,9.51481596213,40.7678423845
26622,10.2050731694,21.4832144966,8.59886688896,40.287154555
531,17.3934237709,23.4743009732,9.08336376443,49.9510885085
17206,11.7163132773,21.3346996516,8.56081559035,41.6118285193
17798,9.46477606966,23.6676922408,8.00639646298,41.1388647735
5567,8.13525999988,21.5232414573,8.57784207013,38.2363435273
19311,19.2517290821,23.9103871048,8.94363926651,52.1057554534
22031,7.07332969634,23.2568235174,8.88081336784,39.2109665816
7087,8.13926302502,26.610347935,9.1560096936,43.9056206537
16856,8.8517238468,25.1419991518,9.35872114945,43.352444148
17375,10.2388272719,28.4929899605,8.65737809199,47.3891953244
6104,15.7860624287,35.9699296541,10.8482908458,62.6042829286
7240,7.75912406837,21.0216153559,9.50756980613,38.2883092304
24807,16.4406167452,24.4708656501,12.7930883291,53.7045707244
23797,10.0973052317,22.0295791917,8.79561221895,40.9224966424
22274,7.48994463585,21.0580836602,8.65734903433,37.2053773303
32286,8.12325564231,21.2991028012,8.61228723586,38.0346456793
24426,9.81794708094,25.0574468409,8.77957394689,43.6549678687
25244,14.763964179,22.3703446862,9.52009297564,46.6544018408
28988,7.22478699048,25.3573110611,8.29940881884,40.8815068704
18923,13.8106003169,22.2649541447,8.8306488749,44.9062033365
10193,8.27864870094,26.3919845484,7.95906080703,42.6296940564
6760,12.808736542,22.7332051491,8.81028079594,44.352222487
1957,12.9984449631,23.7805321512,8.73979992113,45.5187770355
8822,10.1369317227,21.3732091087,8.08336228308,39.5935031145
25425,9.72748824599,36.2431596194,8.66215421545,54.6328020808
36003,9.53676086351,21.6014751165,9.32497650102,40.463212481
9651,11.2624386569,26.1292539919,9.24772272642,46.6394153752
30005,8.15625255785,24.1357662677,8.9077503967,41.1997692222
10880,7.83432653293,27.7258167384,9.21958709555,44.7797303669
4568,8.95753970459,22.0613438702,9.310196223,40.3290797978
11219,13.155162266,26.7706220767,8.22774685388,48.1535311965
29730,11.4780221324,21.626554849,11.151191534,44.2557685153
12046,11.9281115217,22.9411614989,8.48994421034,43.3592172309
37550,13.3056155901,25.3229673555,9.15280360511,47.7813865507
24002,8.86062065831,32.1304037941,8.46422808259,49.455252535
4349,10.5826277453,25.5334611828,8.96350609088,45.079595019
39288,7.13147863498,23.1465778178,9.84793774672,40.1259941995
13078,7.52985855619,23.6802180317,9.40033115276,40.6104077407
11047,10.6237748822,22.2426231252,10.1813414244,43.0477394318
6902,8.73461274236,21.3305799294,9.11384132578,39.1790339975
38005,10.7435320825,24.6683886273,8.22500123707,43.6369219469
12408,9.64550977103,24.5636790649,11.4190469987,45.6282358346
29150,10.1022400064,24.6221979182,8.43138473318,43.1558226578
20531,9.85370483472,27.7265239737,9.89428901569,47.4745178241
5450,9.71429034198,24.1904602741,9.90679134174,43.8115419579
4972,7.3765032929,21.4855023256,8.91926224094,37.7812678595
28462,15.0272091828,24.9608587042,9.09481096456,49.0828788516
16421,10.3373086759,21.6750033538,9.71124003675,41.7235520665
21423,7.28669966253,22.9534261447,8.68287354936,38.9229993565
13489,14.0051345703,22.073315745,8.83790018457,44.9163504999
17657,8.47108082763,27.4391278792,8.45086368277,44.3610723895
9678,9.4865964987,22.086074351,13.9973999147,45.5700707643
6977,6.52182556249,27.6730728472,8.76314676112,42.9580451708
19142,13.0241511841,25.7094960594,8.69498561822,47.4286328618
18635,9.33157439603,21.3421132895,10.0055153215,40.679203007
2550,8.65953115544,22.6274338695,14.9086346602,46.1955996851
36141,11.1967100278,22.1016246087,8.44756627779,41.7459009143
34108,9.89128462103,26.5461120224,9.1084200584,45.5458167019
12994,7.5850726699,22.7373144125,10.9076237692,41.2300108516
20083,9.36334525975,28.7244258362,8.24398284726,46.3317539432
31181,9.47611103115,21.9524733992,12.0567310242,43.4853154545
7687,9.75440527227,21.5052741177,11.6519023832,42.9115817731
33552,12.7261235699,22.7994376391,8.40058038628,43.9261415953
30570,10.9295993435,22.5575004161,8.7606670992,42.2477668587
17489,8.7916258394,23.9560033421,8.80545662066,41.5530858021
13981,8.47270968552,23.1006567547,8.72711621825,40.3004826584
2204,11.690577026,22.3283402526,9.0584225261,43.0773398048
16069,9.13519845385,21.4421807357,8.98979292192,39.5671721115
26663,15.5649642764,20.8550242114,8.18540873294,44.6053972208
10741,9.48578305991,23.6079663333,11.0471133379,44.1408627311
35368,7.34558431289,22.3357576417,8.49911009526,38.1804520498
21737,9.14856301994,21.1997369088,9.93134775813,40.2796476868
18360,7.40511197902,23.1810468496,8.52547137191,39.1116302005
28049,9.47009904414,22.2862440555,8.27542012131,40.0317632209
30731,9.29861294319,21.7848649041,8.81848364061,39.9019614879
14073,7.67927671586,21.3681347767,13.9966878044,43.0440992969
11361,16.109927548,26.7042943277,9.25616194069,52.0703838164
20836,6.36339330055,21.6799947429,8.60526660045,36.6486546439
37292,7.28396496401,25.2889751531,10.4420072324,43.0149473495
9719,10.3253836928,23.1967302021,8.31115433865,41.8332682335
11706,8.175602444,24.4328540835,9.43668276102,42.0451392885
36673,13.9392181776,21.9851002892,12.7728943542,48.697212821
39410,8.03494746476,23.47365127,14.2092423486,45.7178410834
17822,7.5275258252,27.0773542579,8.20145826187,42.806338345
2907,10.4778382847,21.581838065,10.1311017743,42.1907781239
4260,8.57641850859,27.1527819218,8.97109391998,44.7002943503
14695,7.99403776446,24.2840056609,8.68995701269,40.9680004381
9973,7.53101371007,20.6013682601,9.15232681753,37.2847087877
34605,10.0776096396,23.4197575544,10.2844518164,43.7818190104
34320,12.6137074814,22.8892694387,8.26699506189,43.769971982
34652,7.82847566853,22.3976979263,9.5679842713,39.7941578662
28668,9.99409086254,22.4012705209,10.8684800692,43.2638414527
22682,8.97611786728,22.8494498974,8.97125812959,40.7968258942
16316,5.90492280557,25.5390435715,8.48885334654,39.9328197236
26685,9.06175683861,20.956384926,11.1246264175,41.1427681821
15761,12.7388723268,23.2102165262,9.56021678031,45.5093056332
1730,8.36449225022,27.2136252494,8.41249971552,43.9906172151
27741,8.6235332535,24.1535423388,8.41654018391,41.1936157762
3756,8.93988006736,23.7959092159,9.53465382722,42.2704431105
5304,11.0850024728,21.2107246246,8.31470295961,40.610430057
23113,9.87725857056,23.6760478239,8.33731628117,41.8906226756
34820,9.9994587005,30.3624929002,8.55595312862,48.9179047293
5310,6.47433610513,26.4867026834,8.31259377335,41.2736325619
23612,6.43281267407,28.1917025775,9.74007074707,44.3645859986
31135,10.3284868249,22.4270566335,8.81668867665,41.5722321351
20916,7.62887815948,22.4388448799,9.65973853062,39.72746157
19923,13.8341948411,22.8625499166,10.2339907896,46.9307355472
15401,6.19500367182,31.0781543584,8.38031658713,45.6534746174
17054,8.62326973874,26.1862114089,8.88625047629,43.6957316239
3912,7.44200810033,26.423229072,8.93503056998,42.8002677423
37662,8.69577965837,23.3363019535,11.2846913263,43.3167729382
32482,7.06852233288,25.4052247974,9.81760711041,42.2913542407
29797,12.7301157069,21.4156042323,9.93588522996,44.0816051692
36959,10.2166413735,20.9840018119,8.43139312622,39.6320363116
21874,7.52628755858,25.8314267428,8.30395112445,41.6616654259
31961,6.34511666957,25.2656865918,8.39535649689,40.0061597583
2765,12.9870526247,21.3800387443,8.36363209595,42.7307234649
22207,10.4990596361,21.8201646779,9.61855937095,41.937783685
18965,6.39609719661,24.5113515728,8.84464127457,39.7520900439
19475,9.71845754137,23.4930782124,8.81251888858,42.0240546424
8714,10.8237560077,21.7777360263,8.65870316602,41.2601952
8029,9.1396078445,22.9257124852,9.87861208005,41.9439324098
17089,10.3224876113,22.6507299342,13.6970444824,46.6702620279
33797,12.5366519343,25.4598560315,9.25808102034,47.2545889861
22822,8.9705452911,26.6137112743,11.2668290085,46.8510855739
7788,10.709627591,21.8083576063,8.99222190883,41.5102071061
12089,5.98728116889,21.3263111781,9.518226276,36.831818623
2583,10.1716150641,25.5087583446,9.78529036005,45.4656637687
16823,7.71453656839,20.7836085955,11.1490271634,39.6471723273
8786,6.48688008759,23.879655305,8.7332476201,39.0997830127
20813,6.43946058468,21.1824664592,8.87233172031,36.4942587642
11527,17.829283142,21.1873545101,9.70329655593,48.7199342081
18701,11.9026580792,22.4342132474,10.1218499959,44.4587213225
26834,8.65147995395,24.7856054394,12.0238976536,45.460983047
34017,6.07376614597,26.6728578829,11.562130594,44.3087546229
2827,10.3384978025,21.2328321346,9.26593811964,40.8372680568
4137,7.71529170292,23.8678430604,10.7304382349,42.3135729982
5282,13.8563921963,21.8425360911,9.49148722428,45.1904155118
12006,13.6757451902,23.3953592287,8.52029310578,45.5913975247
36591,10.8283599857,22.0225060066,11.8749742935,44.7258402858
30676,10.30043928,22.7828408335,7.93904163197,41.0223217455
3353,8.66276767827,25.4199679374,8.86647302042,42.9492086361
28822,13.3650356185,23.9333180427,13.3270600052,50.6254136664
8046,10.2513425796,27.8661219784,8.56095170481,46.6784162628
32327,7.12597203043,26.7901612649,9.07374968279,42.9898829781
7030,9.43211647848,23.1485493583,9.19048067304,41.7711465098
15665,10.4596572603,22.3214158019,8.48152366147,41.2625967237
9320,8.75249094841,20.8312150609,8.58677557651,38.1704815858
9587,16.2963108288,22.1037948595,9.13610270173,47.53620839
6230,11.070704081,22.1212767529,8.86070911013,42.052689944
31620,10.6421323039,25.3348099511,10.7204870643,46.6974293192
2454,7.26553629384,34.1514276734,11.0056155742,52.4225795415
20416,6.39578610759,21.1874436163,8.45628039605,36.03951012
11248,14.0908716585,21.6724612487,9.28906312679,45.052396034
27748,7.54041997089,24.5067346996,8.20920601223,40.2563606828
32374,7.74330218598,22.2728073381,12.0288532819,42.044962806
21707,10.8476186111,21.8896157828,13.9980144604,46.7352488543
25148,10.7159009554,20.956225821,14.8241305648,46.4962573412
26949,6.35742727445,23.7018800092,8.60691415994,38.6662214435
15235,11.0888173652,21.9555510862,9.59905332876,42.6434217801
19764,11.3175969755,21.5317512779,9.05625586449,41.9056041179
30383,9.83936459993,29.6235709626,8.81980791234,48.2827434749
15766,9.77773190108,25.4303050539,8.01299222948,43.2210291844
5536,7.74670849056,22.2826343782,9.21455832443,39.2439011932
32638,7.79835423452,24.0001614121,13.3594098705,45.1579255171
8665,10.0075301587,24.2451358982,8.27831815521,42.5309842121
23606,9.84860363383,26.0202439307,8.22866962072,44.0975171852
30820,8.07291330765,25.3099271219,8.46161050638,41.8444509359
38989,6.80179953634,21.139493195,9.59092336806,37.5322160994
4926,6.74786425842,21.3698786367,8.45642499931,36.5741678945
7605,15.2710962187,27.3287420566,8.81165794554,51.4114962208
37114,14.6496048039,23.0196659242,9.02587944519,46.6951501733
34147,12.3956128939,23.7240221958,9.24070559572,45.3603406854
31110,10.0098877591,21.0544750814,8.11037664435,39.1747394849
27818,8.46612271117,21.2557765616,9.92850676816,39.6504060409
32738,8.9170925098,22.7250473653,15.700025256,47.3421651311
27659,9.58694877148,22.7745323467,8.83657686996,41.1980579881
25842,6.56798489653,21.5267558371,12.4058867201,40.5006274538
23269,10.600568929,23.2293985721,8.63024976418,42.4602172654
17058,7.68979743091,20.8340297335,10.6973675921,39.2211947565
36395,17.7727668706,23.2333563842,8.56775182944,49.5738750842
5495,6.08949889574,22.0270731586,8.71511827038,36.8316903247
14960,8.47035571761,20.9178631146,8.77391901889,38.1621378511
15728,8.56269127509,23.7646337961,10.695080005,43.0224050762
37990,11.9581660829,22.4830171368,11.0906222756,45.5318054952
39431,5.92443615548,26.2328530872,8.71519183225,40.872481075
13215,7.20801626063,24.1113735055,17.3345694148,48.6539591809
7481,12.6405605184,23.3167890311,9.47733557883,45.4346851283
3699,12.0925717665,23.6419180747,9.10609695542,44.8405867966
21304,8.42294984411,26.8546808919,8.22922383055,43.5068545665
17668,8.80712947027,21.6303609854,8.64287647912,39.0803669348
19769,7.33764143874,34.0580403654,8.91536069291,50.3110424971
18666,5.71169049195,22.9089562352,8.89630311848,37.5169498456
28182,14.8669900732,23.1640547213,10.1956079559,48.2266527503
5628,6.61180093857,21.4803262508,9.66387411679,37.7560013061
26787,11.2238839413,21.7048674351,8.53740946979,41.4661608462
7397,11.2695263376,21.7506842248,9.25705097888,42.2772615413
542,11.4948117944,22.4745280241,8.63312820677,42.6024680253
17197,13.2068236803,34.7274650406,17.2373072478,65.1715959687
15789,8.47017093325,23.5306787304,9.03758354169,41.0384332053
5538,9.8576474079,23.2662916414,9.20862051025,42.3325595595
17245,7.57909075017,24.6016155923,8.24683694842,40.4275432908
28675,11.6525516212,21.4488382269,10.5069538843,43.6083437323
5262,7.83487934156,21.2838838715,9.82767188332,38.9464350964
6895,9.26343051458,27.3840089553,12.2067640173,48.8542034872
10271,5.46483671642,22.0200124102,9.44608454325,36.9309336698
9567,8.64102874403,21.7127303524,8.80426672468,39.1580258211
28647,11.531274964,25.2702701739,10.4609297445,47.2624748824
18043,9.71214445911,23.0487824472,8.38678943711,41.1477163434
14335,8.7277873422,33.2504544677,8.61970736383,50.5979491737
12263,9.21304464283,23.9411416065,9.01479987314,42.1689861224
1883,8.46674532817,22.2319652037,9.07608238099,39.7747929129
23122,7.0907577715,24.5093262553,8.66197145953,40.2620554863
16186,11.768816443,25.5071571526,8.75653913102,46.0325127266
1587,6.92287700627,33.914275829,10.2711464728,51.1082993081
18017,21.7541367979,23.2491684787,8.21700439629,53.2203096729
30168,8.14020888665,21.7807093502,8.42695167893,38.3478699158
20271,14.5892628843,22.9250852469,10.0365982936,47.5509464248
15085,6.45385052663,25.2542759888,9.13210852326,40.8402350387
10812,7.54089191551,27.6506124211,8.38494981776,43.5764541544
30567,6.77471513405,22.6628127215,10.1284532287,39.5659810843
14371,11.0123582042,25.393411426,8.05871806928,44.4644876995
19749,9.07560571569,21.4893029535,8.56604377221,39.1309524414
30088,5.77105496798,25.5728022722,9.21722383623,40.5610810764
26116,11.7233198743,21.9866604691,8.17749644248,41.8874767858
35491,10.3974489252,21.1731698346,8.42329217786,39.9939109377
15139,18.4296844103,21.3774280416,8.7716837839,48.5787962358
34292,8.1910199983,22.5983346337,10.0451000527,40.8344546847
11973,6.83096986838,21.1141679281,8.64909599211,36.5942337886
25641,6.92098825603,32.3754394661,9.11406963046,48.4104973526
17292,5.83342370802,21.0602192568,8.25134048,35.1449834448
16827,12.8886607397,24.7697413773,8.7449152014,46.4033173185
5649,13.8080160808,22.6695436833,10.6630939612,47.1406537253
19892,10.1128267586,24.7378960708,9.29771810261,44.148440932
27416,8.12217250576,20.7844977652,8.35689252397,37.263562795
834,16.3397147365,23.0641235814,9.33680598691,48.7406443048
12721,6.38959577301,21.1052345489,8.63725987476,36.1320901967
11857,7.41569035023,23.8118914133,8.98612453831,40.2137063018
19252,13.8752945022,24.122736394,9.11520239945,47.1132332956
1500,10.2002974676,21.0276819257,10.3577990595,41.5857784528
2435,16.2651715606,21.7611483886,8.47978682626,46.5061067755
25395,12.015430913,21.0990661742,11.3864738589,44.5009709461
3951,7.8359428713,21.1686141879,8.52355932842,37.5281163876
23073,16.1440949619,23.3659196855,9.05344308716,48.5634577346
35696,10.9663824408,22.7755296056,10.0003010357,43.7422130821
9644,8.68809320926,22.6505165704,10.7642681682,42.1028779478
32571,9.77221420489,24.6577886198,8.15812472037,42.5881275451
13085,14.9649798451,21.9231446907,10.4062296238,47.2943541596
1984,11.075378411,24.1922033622,11.4638523547,46.7314341278
7661,10.2074931397,21.5870006469,12.5360927858,44.3305865724
14037,11.4447929553,30.1212292082,9.27627683016,50.8422989936
6527,7.06602725544,26.2203182812,10.0103319356,43.2966774722
31540,7.46892873406,22.3737084963,8.75646041971,38.5990976501
19574,7.88885870834,27.0966895997,8.15025014275,43.1357984507
33236,11.4363827673,22.68739927,8.73202743446,42.8558094718
22635,6.12335613726,20.5483636898,8.60025678,35.271976607
11954,8.23751675514,26.3978177977,8.31590170179,42.9512362546
7743,13.1539501324,22.9693411712,8.9201401396,45.0434314432
515,10.6409528647,22.3344580604,14.7672478766,47.7426588017
14389,10.9033720852,25.5238330164,9.93208428177,46.3592893834
25055,11.8058866151,23.491538243,8.3795503143,43.6769751724
34206,8.24173054171,23.2322988982,8.3231430625,39.7971725024
37388,10.0471788509,21.7498289022,11.2650318358,43.0620395889
13314,14.0335898544,22.5982136778,9.8355732278,46.46737676
12739,7.33890872158,21.3720218042,9.0903546867,37.8012852125
27396,6.86288581693,23.0622644332,8.76347847879,38.6886287289
2343,8.8355987334,22.8963310179,9.78954782186,41.5214775732
19378,7.49854477127,23.0413626308,9.08781362812,39.6277210301
10813,14.7239153074,25.2125448,12.4923704379,52.4288305454
6581,7.14625466767,26.8888037997,12.6516193787,46.6866778461
33247,7.08916448856,26.8606732455,10.2999761779,44.2498139119
11803,8.2554291337,24.1144118987,9.0352283304,41.4050693628
1162,9.29616592753,22.6094412292,10.0176036537,41.9232108105
36310,5.80234917136,22.7978573981,12.6677728122,41.2679793817
7972,9.88113770908,23.7672500779,8.77912751551,42.4275153025
21708,17.7062260196,28.9107745162,7.91419040548,54.5311909412
7256,10.207227001,25.7098237991,8.3570804326,44.2741312327
20450,6.59693505511,27.9153102102,12.5986120603,47.1108573256
38089,11.0572388847,24.5894460099,9.09516866673,44.7418535613
23702,15.0627710521,24.7667842818,8.27691892836,48.1064742623
6098,14.4116751497,24.2735338455,9.05025564624,47.7354646414
547,8.80475026005,20.8829932624,8.67760166717,38.3653451896
22596,8.57474568438,28.1464870047,9.13630401889,45.8575367079
20342,11.2101173572,21.7507141883,12.6682855616,45.6291171071
22613,7.93370223261,23.5641934174,8.51282571643,40.0107213665
18578,14.7244764484,26.9233778244,10.355392821,52.0032470939
18905,14.2718217168,25.9792310333,8.83796442077,49.0890171709
19309,9.52606919971,20.7339310324,8.36868533111,38.6286855632
30525,8.1669244736,22.3010161385,9.54870133066,40.0166419427
24077,6.49609868503,22.8712954226,8.58330033622,37.9506944439
17255,11.8350266348,21.245531389,8.38578211859,41.4663401424
33115,11.6886892581,22.2528723534,9.03578724748,42.977348859
18824,10.2253142253,21.637086053,8.67705302068,40.539453299
17080,8.25437783242,23.4535924426,10.7550857771,42.4630560521
455,11.4895394547,32.4067851179,8.53427665492,52.4306012276
15472,12.4537226526,21.3011691516,8.32641327613,42.0813050803
38651,9.29175872868,22.6237114508,9.56051497346,41.475985153
18886,10.2341690833,23.2450183611,12.185358737,45.6645461813
10229,11.714863446,23.1386876539,8.51424119382,43.3677922937
6670,9.02953478485,21.5370527104,8.44859246769,39.0151799629
10667,12.7312583497,22.0743699649,10.3921809388,45.1978092534
38292,11.2351506877,20.563961626,8.37264398328,40.1717562969
7425,34.6000590681,25.1208144337,7.98367715429,67.7045506562
4947,8.12454921205,24.0519002255,8.38222787863,40.5586773161
27947,9.89695550214,22.4404958192,9.89960286588,42.2370541872
14646,13.5581401724,21.6734627414,8.79158381169,44.0231867255
4187,14.1760030991,25.9700613728,9.06181811484,49.2078825867
7281,8.52004607251,27.1823306685,9.46467704221,45.1670537833
5342,8.6800238694,21.6513048027,10.1605115449,40.491840217
38210,8.52145086014,25.2344145255,9.52714043512,43.2830058207
17881,9.34228378227,21.4355896066,8.51748879217,39.2953621811
15686,8.39392001855,23.4315379366,8.19590138611,40.0213593412
32598,9.13767176157,25.0942258822,11.83719882,46.0690964637
38736,10.0674459979,23.5825593251,9.30321092053,42.9532162435
5825,12.5237678866,22.3532546885,8.57223093419,43.4492535092
24481,9.79660784279,21.8294851939,8.31284563187,39.9389386686
21414,6.65119081885,22.6445731775,8.25383917046,37.5496031668
38019,7.31406926626,22.9137876911,8.87898890447,39.1068458618
38810,9.43752871315,21.6591633203,8.63912486255,39.735816896
6982,8.53957195101,28.2039443894,11.012989589,47.7565059294
30194,6.045869951,24.553382304,9.37411210041,39.9733643555
11498,9.92206253961,23.4292200427,8.19241004249,41.5436926248
7097,7.49188347065,26.1537176847,8.72639019494,42.3719913503
13740,9.86423786825,21.144640948,8.82981395825,39.8386927745
20162,13.9536959267,21.3516850884,8.96181663545,44.2671976505
29320,5.78281682488,24.7220892533,8.6960728073,39.2009788855
6852,6.53052807947,21.7526128789,8.52920021287,36.8123411713
36716,9.60962206119,22.0305078168,8.22679677441,39.8669266524
7178,9.8392718669,25.8245424134,14.254213242,49.9180275223
21741,5.20458503841,25.4627561714,8.44212232214,39.109463532
27149,7.41703687206,25.2924906886,8.78945643045,41.4989839911
39778,9.55515926161,22.946779674,8.60515238938,41.1070913249
6557,14.0996315943,22.9555444924,10.1086058668,47.1637819535
29885,6.38067956869,24.7011409612,8.63002746518,39.7118479951
20602,8.12454901823,23.3513473301,10.7501289397,42.226025288
15650,9.33804783563,20.7568948915,14.4014717338,44.4964144609
5456,9.52432097522,20.9451798977,8.38180846305,38.851309336
18522,9.76797790214,21.2611885522,10.2854607151,41.3146271694
26114,6.79601993332,26.8994057049,10.899196608,44.5946222462
38426,13.3385268184,26.8571983577,8.80570878408,49.0014339602
1793,7.86655397508,23.7126837878,9.03459931748,40.6138370804
18689,11.294880139,21.095543167,8.09655483276,40.4869781388
7138,7.46226182309,24.7169152078,9.99027140565,42.1694484366
14733,8.63365348732,25.3258947469,10.7207173833,44.6802656176
30566,6.85081227116,21.196136999,8.39774938527,36.4446986555
28754,8.86446880696,23.1272669267,8.84213915401,40.8338748877
32102,7.45188794756,24.3143156025,16.899280975,48.665484525
36396,7.96431301407,23.956179288,8.73449841117,40.6549907133
34167,17.8662802824,22.4689596448,9.3813902367,49.7166301639
12077,10.2240236903,22.2871052041,9.38589927428,41.8970281687
25072,9.39694248433,23.0880833042,10.2309998052,42.7160255938
31769,12.43321142,25.4907244277,10.380810089,48.3047459367
9173,14.884065521,23.1910367261,12.9119942424,50.9870964895
2293,8.34608459617,21.247639412,9.60664296774,39.2003669759
1227,13.4386120317,22.1454344168,9.70969957764,45.2937460262
12596,10.2978980125,26.4732361115,11.8734640993,48.6445982234
35554,6.20977240392,26.6481330093,13.2346538212,46.0925592345
1943,12.3761359876,27.2239844946,7.97586122924,47.5759817114
12544,10.5686085437,30.2764675791,7.81612202641,48.6611981492
39470,16.0807422713,21.336968303,8.53754024406,45.9552508184
16931,7.21526235646,22.5759905137,9.64066989768,39.4319227678
5777,6.01044327311,25.3442519009,8.38737462528,39.7420697993
4000,8.33768030208,22.5637077329,9.1510912942,40.0524793291
12457,7.81405993659,26.1798923067,8.4682034961,42.4621557394
33401,11.4060038237,29.3692754866,8.99762673007,49.7729060404
36201,7.3954372452,21.8794502579,8.87783351274,38.1527210158
20368,10.4080161408,25.0171591769,9.00895404378,44.4341293615
14542,9.11009797788,22.5372040601,9.39001075979,41.0373127978
19351,16.2747873773,24.5150341694,8.75485789898,49.5446794457
273,13.2169856149,24.9845986059,8.14673767387,46.3483218946
38069,8.13505904815,25.5743439626,8.4891326633,42.198535674
30261,14.2981610985,23.4042711308,11.3786120004,49.0810442297
36752,9.69886398406,26.5792584107,9.39825721941,45.6763796142
8781,8.7664058591,23.8744293688,9.07245009026,41.7132853181
24624,6.75236112999,23.6175920741,8.73476600249,39.1047192065
6383,8.80143053968,26.2940584564,9.90216011969,44.9976491158
12982,7.87094587615,25.742751021,8.91353180789,42.5272287051
12230,7.4212947239,23.4023390804,18.3263522014,49.1499860057
36401,6.2893437773,22.9041709004,9.30048526809,38.4939999458
15729,12.3265425369,21.0579108596,8.94880561141,42.3332590079
39526,10.2698778768,22.7062710052,11.1473745213,44.1235234032
8707,7.10743132158,22.5833596744,11.2103841829,40.9011751789
14163,7.36029751355,26.1986203345,9.27152864288,42.8304464909
38106,5.98501836479,22.1251919549,8.29523882498,36.4054491447
34445,10.1930357829,27.2063276434,8.77787012834,46.1772335546
20243,6.89484924524,24.6650881897,9.7716715357,41.3316089706
23298,8.20001167098,21.2693980096,8.76400407444,38.233413755
20455,11.961202794,23.2292956689,8.12476893993,43.3152674029
618,7.0157072093,21.7587323309,8.4112548167,37.1856943569
11749,9.82422394692,22.1096433527,8.51417915213,40.4480464518
17619,10.1093734991,27.4861532188,7.66036418625,45.2558909041
21706,6.64885021109,22.4926783933,8.45720526815,37.5987338725
20442,10.2720758951,21.8815538665,10.6425712054,42.7962009671
38931,9.74052298597,23.9884288585,15.0661316856,48.79508353
11027,9.55156383616,24.0322970896,9.41521894765,42.9990798734
1766,8.56686203521,21.621781609,8.54274133863,38.7313849829
21931,9.86079169984,23.9628784499,8.08849377258,41.9121639223
6205,6.75598351688,20.9840642654,13.8446815695,41.5847293517
33089,14.8601000519,23.4994739506,8.15531370253,46.5148877051
22847,9.29823472396,23.3090871575,8.51134592187,41.1186678033
32750,10.6948602489,22.5796160799,9.32175646921,42.596232798
15765,6.95349744569,22.1736013215,8.74446152524,37.8715602925
10410,7.63866994699,28.4997659269,8.5521025877,44.6905384616
4072,18.4836778396,23.1574724179,9.33147821393,50.9726284714
27649,10.5065976087,21.5353860034,8.6255246944,40.6675083065
18821,8.96073173702,21.6494039095,9.47436925138,40.0845048979
13302,10.1052458832,33.7249236283,8.26366132283,52.0938308343
32660,7.05526679223,21.7385802076,10.9025758845,39.6964228843
26593,12.7407548661,22.2636087639,8.72527316562,43.7296367957
3089,13.4331740195,22.7316671182,16.3992408705,52.5640820082
20834,10.4838623064,21.3853670927,8.47687099083,40.3461003899
37904,8.90235116921,22.1188601219,11.2402027374,42.2614140285
35909,8.30516339478,28.8033777273,8.60226159364,45.7108027157
21202,9.51480403092,24.5437508866,8.61518007414,42.6737349917
10240,10.6088863759,32.9888240947,8.76611926951,52.3638297401
14897,9.69399014404,24.9243369756,8.70680350885,43.3251306285
38645,7.11708293126,29.2236311419,8.54984669002,44.8905607632
39991,9.94720949294,22.5590584257,8.25982713551,40.7660950541
7785,7.36986390306,26.2597432943,8.54059875755,42.1702059549
26209,6.51954262334,21.4867676006,11.8770367261,39.88334695
3344,7.85215082038,27.2888463469,9.08524774633,44.2262449136
19493,9.96847415184,22.4241143917,8.83798425209,41.2305727957
36988,7.18298255786,21.5593632655,8.38047881606,37.1228246395
13455,7.27223176371,22.2428281012,9.74501693252,39.2600767974
25895,8.57139319794,25.6616222908,12.0661055529,46.2991210416
29771,12.7348308557,22.1870830737,9.01555765009,43.9374715795
33650,13.4503660206,26.4540411793,9.13298566491,49.0373928648
13861,7.73216778195,21.8487996095,8.48823409955,38.069201491
3448,7.19314410062,25.0604032026,9.64094479287,41.8944920961
24081,9.83170694343,23.3963228284,8.55546852608,41.7834982979
2817,7.01612236596,23.94494818,9.31192744112,40.272997987
24383,9.21081935575,20.9524582944,10.6430854967,40.8063631468
24564,7.2288851831,33.9002325718,8.70585672934,49.8349744843
495,10.6408863127,28.2123736037,8.51107623373,47.3643361501
29418,16.7670932264,22.139819819,9.50004325122,48.4069562966
24896,19.8008983453,22.9408767915,11.6617989501,54.4035740869
28596,12.3823600503,27.5794329156,8.26681239692,48.2286053628
11292,9.207476024,21.6673072925,8.78625888941,39.6610422059
34804,6.60790885932,22.3109436122,8.44114173228,37.3599942038
16286,6.38816713956,21.1326466971,9.62502651664,37.1458403533
16586,9.43082544597,22.0630058763,8.69194517277,40.185776495
10767,10.4172069767,21.8929724415,8.90506774454,41.2152471627
37018,8.71847027968,23.3017734329,12.6176555668,44.6378992794
16181,13.021310067,25.6038404598,9.16874725173,47.7938977785
23132,6.57095347708,22.7957603869,8.40637480972,37.7730886737
24617,11.1051475634,23.1268060436,9.32542270227,43.5573763093
22580,8.82766806986,22.5914115084,8.78007598265,40.1991555609
21840,9.94470156362,25.3433685746,9.64424395174,44.9323140899
11544,5.52404533467,27.8915508451,8.2525704594,41.6681666391
14931,8.44511226388,22.0505005153,9.54471025477,40.040323034
19233,13.3881227388,23.6617711547,8.16687554638,45.2167694399
23558,6.53023492082,22.8061441797,9.11273075813,38.4491098586
918,14.5441635669,22.6109426995,9.45740782029,46.6125140867
21849,9.89334541705,26.7034495285,10.0402235425,46.637018488
8639,6.5488415605,23.6228224444,8.74404231188,38.9157063168
37138,11.9439892817,21.0988569159,11.5962793715,44.6391255691
28599,7.00188239406,21.4272329925,9.08142316859,37.5105385551
39613,11.4163833039,26.1747415451,8.57957966522,46.1707045142
34702,6.88925574483,25.763133722,10.1153198009,42.7677092678
3988,20.8398935719,21.5026572566,8.41035000868,50.7529008372
21411,8.13781826766,22.4413106093,15.845669663,46.4247985399
16412,10.9976305392,24.2176018427,9.02415424009,44.2393866219
30112,6.39562874564,28.9927503842,11.7799143287,47.1682934585
34976,9.09132730461,22.5218431363,8.38637005871,39.9995404997
8270,9.01660588157,22.3111920749,8.08460873153,39.412406688
37757,7.80063869757,23.0036502866,8.51649290323,39.3207818874
12746,8.29131901827,23.7516735925,8.82012702272,40.8631196335
13862,8.80851100752,28.0011032583,8.63781397886,45.4474282447
17059,11.2052336846,22.9512006421,10.8517562867,45.0081906133
11343,6.07821319446,24.5406468831,12.9766558857,43.5955159633
14194,13.7216992221,24.1780620041,9.43658787493,47.3363491012
7679,7.04399283596,25.7462145436,8.43504679911,41.2252541787
12122,8.7889881736,21.3799485192,9.15239350035,39.3213301931
25218,9.18820557454,23.5652399601,8.14312678514,40.8965723198
1132,6.43845509926,23.3803384305,8.77946508326,38.598258613
26174,7.2777394407,20.8733678832,10.3008630767,38.4519704006
25508,9.86595604368,22.7963671688,8.91433713559,41.5766603481
25747,11.9777019342,24.0905822325,13.4128640843,49.4811482509
28197,8.04562413764,31.8555968155,11.5838469381,51.4850678912
15077,8.82195786013,20.9373366573,8.64227950733,38.4015740247
15616,5.8792264361,26.1085830633,8.42017070975,40.4079802092
17304,27.7073153717,22.0757856716,8.65679286952,58.4398939128
14583,9.82716798063,22.5402347711,8.76233962909,41.1297423808
24601,12.8168166036,25.2460009701,8.34416983837,46.4069874121
32265,10.5558843956,25.1357429614,8.35587215794,44.047499515
22243,6.06893311342,32.8201495666,8.52441937884,47.4135020588
32555,8.07451522676,21.6730468369,8.61217831221,38.3597403759
30484,5.51384655644,24.1254536325,10.4244730688,40.0637732577
8895,9.23822791456,20.5002434071,8.47710887184,38.2155801935
29594,8.06919816674,22.5365114127,13.1136418771,43.7193514565
11636,5.51044846954,28.0781569206,9.07388562887,42.662491019
22160,5.65671650983,23.0133685924,9.99833603952,38.6684211418
11230,8.74444586209,21.9558261536,8.30326105252,39.0035330682
24293,9.3821230445,21.5985327025,9.19448924031,40.1751449873
39153,6.95199817652,25.0871088716,9.58553766757,41.6246447157
6335,7.79605821401,29.0058785402,11.6612286932,48.4631654475
26487,8.43073295221,20.8308373213,8.68114661982,37.9427168933
16456,10.85787657,24.0978130197,8.38701993713,43.3427095269
39032,8.19989437774,25.3002822339,9.1241439487,42.6243205603
37971,8.56439009954,21.8116292658,9.69821920487,40.0742385702
28429,9.42637424874,20.8374613119,9.87210798187,40.1359435425
14111,11.1763777508,22.6524613515,8.52299891034,42.3518380126
2482,6.08544716719,21.4264579393,10.388772885,37.9006779914
36746,9.41875938231,21.2197714805,8.60735291034,39.2458837731
8363,6.94784964483,23.0723108642,8.79587277961,38.8160332886
25180,10.1928882921,23.6999123863,8.26781678265,42.1606174611
29377,15.7054068151,23.4906309825,14.8127110503,54.0087488479
23435,7.70814672395,22.4569818835,8.7309851945,38.8961138019
32464,9.28585211841,26.9396954973,11.3541093775,47.5796569932
8521,9.19661159397,22.5291074672,10.1018576753,41.8275767364
23021,8.33036179091,23.0462373137,8.38575819225,39.7623572969
5664,12.5278821481,23.6765563842,8.46997534239,44.6744138747
1248,10.411314445,21.3305697717,10.7431914079,42.4850756246
536,7.85838081012,26.2448663403,8.19871933797,42.3019664884
1532,9.85317662864,24.3755649888,12.8619473651,47.0906889825
39151,13.4762287839,21.1105445676,9.5079706973,44.0947440488
1924,16.692932787,24.8879945132,8.2996063813,49.8805336816
35810,7.49019154952,20.8905860409,9.23364403993,37.6144216304
27011,13.2006364713,24.3430676624,8.50709677121,46.0508009049
3116,8.7880506281,26.0728662781,8.90469044705,43.7656073533
16850,10.9935050781,22.2896657526,8.97289042695,42.2560612577
16626,9.89613273862,21.802410341,8.73073316329,40.4292762429
32726,8.4978279133,30.1536322951,8.42644327261,47.077903481
12200,10.6845216532,23.5830656215,8.50823587381,42.7758231485
5896,6.23120560676,22.4225585738,8.60532870776,37.2590928883
3768,10.0476074315,21.6133398549,11.3256547317,42.9866020181
2945,13.3209002586,21.2686713183,8.09095672964,42.6805283066
31495,9.50139868635,20.8950390672,9.04253315213,39.4389709057
26481,14.8847828684,25.1513823935,8.68569274684,48.7218580087
21941,9.94567751545,27.9895731573,8.82473158037,46.7599822531
30376,8.08538734783,22.8831471961,8.83663228793,39.8051668319
34165,8.55827946585,22.7121989714,10.5489470471,41.8194254843
36547,14.522624124,29.5936470521,10.8553472209,54.971618397
32573,14.7301031351,24.8016486391,9.06669442816,48.5984462024
4375,15.0827656807,27.2518633527,9.83403784841,52.1686668818
19646,16.0672131666,21.6638878882,10.4488687772,48.179969832
8276,10.4044165581,23.8274123133,8.86443341281,43.0962622842
39804,7.72514771197,23.0152256533,8.51426722271,39.2546405879
20139,5.65038461861,22.359667437,8.67208367163,36.6821357272
3332,6.60312209974,22.0516376063,8.48653361452,37.1412933205
24220,9.32875530578,22.1700892428,9.41365805983,40.9125026084
7586,10.2896019568,21.7231191212,8.4428699268,40.4555910047
5658,8.81301327787,24.7552215374,8.87972414683,42.4479589621
27846,15.4813605745,22.9877430369,9.02848567729,47.4975892887
31399,11.465763725,25.7927350916,8.29507650258,45.5535753192
20503,11.3819898887,24.8488136852,8.20491590137,44.4357194753
10850,9.25438232181,21.8108096848,9.35836822067,40.4235602273
1166,10.7118187499,22.5545622133,8.66368711658,41.9300680798
26889,9.2168762211,22.4432741832,10.0870445134,41.7471949177
9341,15.3900403362,23.8097290093,10.6360557957,49.8358251413
32080,7.44121086072,25.6765087554,8.21789633963,41.3356159557
30503,7.19743518372,27.6728400602,10.0988867072,44.9691619511
29977,9.38039579003,22.4954862651,8.3029972396,40.1788792947
35769,11.6655170182,25.8604963062,9.49901927577,47.0250326002
21287,12.1895127439,21.5464306372,11.9341825186,45.6701258997
39214,21.8356226049,22.9116220369,9.10517539387,53.8524200357
32201,8.3471967912,21.4625836936,8.38400754243,38.1937880273
2445,9.22201628949,21.5771600856,8.97001889174,39.7691952668
11485,7.97248752656,21.9432256571,8.11552517779,38.0312383615
39667,13.5809947234,29.8855669885,8.24325269335,51.7098144053
15618,11.2306172399,21.6764140085,8.30140483666,41.2084360851
19185,10.5601182321,21.1726287505,15.6930490055,47.4257959882
7513,6.37915039355,27.2942964997,8.40252800967,42.0759749029
16313,8.54375702613,20.9377101446,8.65522658677,38.1366937575
23102,9.80552212164,29.3558803065,9.28362132584,48.445023754
11180,7.69482605737,23.9686280867,10.3903518352,42.0538059793
20587,12.0122932636,22.3648822235,9.98901589072,44.3661913779
3133,11.2586431215,23.9536141155,9.12780344433,44.3400606813
29957,12.3806443454,25.6409438219,10.0445423398,48.0661305071
3852,10.0346506419,20.6613938655,8.42351401629,39.1195585237
19186,5.75005812839,21.8290474587,8.21379286594,35.7928984531
16437,10.8496178603,21.0855909214,16.558141453,48.4933502347
34257,6.60066101225,25.5768854771,10.7409237796,42.9184702689
33513,8.92487782101,21.5174846791,9.92860607588,40.370968576
16237,11.2965316792,21.1290116816,13.000888524,45.4264318848
35542,8.15996338338,24.8432278707,8.73744405337,41.7406353074
8411,8.4740517172,21.8755776069,8.71559356605,39.0652228902
32707,10.8032863907,25.1594606623,8.57741820343,44.5401652564
355,9.48835781035,22.4144493468,8.34570634108,40.2485134983
27300,16.6787527333,22.880227568,8.10625766948,47.6652379709
29941,6.37527570922,23.6207746573,10.0668632762,40.0629136427
21822,9.37185133941,20.8601202858,9.89962462053,40.1315962458
36052,8.92614422581,21.6275485604,9.38537363109,39.9390664173
35627,11.367264021,25.554963469,8.38867937017,45.3109068601
7768,7.30733316972,22.1035180467,9.61354017265,39.024391389
31,9.91732813092,28.1424205511,8.53912651301,46.598875195
11754,10.415941876,23.7444778561,10.8810759163,45.0414956484
20005,13.68842936,23.2808500373,8.05272171609,45.0220011133
11200,12.0871656088,26.64001584,8.18267152343,46.9098529722
10341,9.29645907193,26.2128933732,8.3081278458,43.8174802909
5224,8.51087566286,21.3376552954,8.29670176831,38.1452327266
19874,8.66656568912,22.5112953185,11.1758823727,42.3537433803
31825,6.54270912166,25.0452108,8.84864809633,40.436568018
25249,11.4726797214,21.508890244,9.33157071147,42.3131406768
15256,10.9079020409,26.0601605065,9.85359425905,46.8216568065
746,12.9973893764,28.5463514529,8.16064920194,49.7043900312
28433,11.2008428441,23.2704193572,8.49485478514,42.9661169865
26436,7.56143788469,25.6164495371,8.31354146033,41.4914288821
24955,11.1931756532,20.8150874626,9.18076945684,41.1890325727
12081,10.2204494541,25.2282984102,8.20767542071,43.6564232851
5541,11.173108658,22.3699683073,8.25757166911,41.8006486344
2142,11.5024004382,21.5899919778,8.91966738876,42.0120598048
6832,17.2446827899,22.33276953,8.7790277419,48.3564800618
25652,9.61206725986,21.2404374877,8.79025564405,39.6427603916
38883,10.507302031,22.2187038783,8.38470569006,41.1107115993
30287,6.20667202443,21.9398960533,10.5497237733,38.696291851
10986,14.6310843713,22.7237238855,9.34068628328,46.6954945401
34680,9.00609117454,26.4553171658,14.4424670409,49.9038753813
4728,7.61941470391,23.9210883235,8.33956085497,39.8800638824
9886,11.9622932784,25.6009280605,8.92333853976,46.4865598787
20788,7.01728067746,24.1696666049,8.73489053495,39.9218378173
5452,8.38652428028,21.7367431154,9.8318150928,39.9550824885
38184,8.23718804047,22.9890283401,9.45115487021,40.6773712507
9969,9.94084733009,21.1912496889,8.91144474373,40.0435417627
28879,10.6653667126,24.4348009119,9.03723570827,44.1374033327
21016,9.3100980608,20.7621260273,8.29899113004,38.3712152181
26437,7.07048443085,24.027006348,8.6436007114,39.7410914903
27940,10.4224060988,21.9508819045,9.30538920728,41.6786772106
13146,6.01002730609,27.3484971485,9.29164914568,42.6501736003
22412,8.00907610497,20.5897117624,8.50130670922,37.1000945766
9852,10.9017670719,22.8177803075,8.71328218024,42.4328295597
14618,11.5510001748,30.0615404147,8.21086279735,49.8234033869
39764,7.75274530903,23.1477551214,8.46930418997,39.3698046204
13916,6.95505069246,22.2152554764,9.19357085055,38.3638770194
20204,6.82875600215,25.845495965,8.16291618368,40.8371681508
3526,11.7360005731,20.9239670709,8.8170168958,41.4769845398
34454,8.59447502268,22.294913893,9.14137348638,40.0307624021
29381,13.9548650178,22.033968421,8.1317330839,44.1205665227
30251,10.0634833461,20.8240077728,9.81047591213,40.697967031
26393,7.2980415504,21.6492874849,8.49205082045,37.4393798558
37294,19.8879165416,31.2309240772,9.79961737307,60.9184579919
8172,15.0825997948,35.4472910022,12.7822219153,63.3121127123
16808,7.09104769761,21.3872027177,8.42746854861,36.9057189639
22010,8.38179522916,23.4390084512,8.54099140635,40.3617950867
18952,11.2888849856,25.7264526528,9.12261722359,46.1379548619
37890,6.73126356102,21.2205351576,9.56577911982,37.5175778384
8468,15.1792693765,22.7476102567,8.83560834028,46.7624879735
12434,10.5230539162,20.6708885127,10.2317214767,41.4256639055
21645,6.88783824066,24.3539824947,8.50562348203,39.7474442174
24411,11.6305178122,20.9868512245,8.29785487519,40.9152239118
16987,10.0715600893,22.5047784594,8.77819415104,41.3545326997
10628,7.58567548286,24.0791340142,10.5194350427,42.1842445397
32898,6.95807109342,21.3392171686,11.1714380953,39.4687263574
21998,15.3954622637,24.9984934546,8.48472530178,48.87868102
38515,9.18526573846,23.3094770826,10.7138662604,43.2086090815
32489,7.56645012049,21.4655730008,9.99027318819,39.0222963095
10159,7.74007351703,23.4499363307,8.5479765102,39.7379863579
26257,10.9449601893,24.0693199591,8.59527037198,43.6095505205
26452,14.6824966149,21.3738079997,9.4571169125,45.5134215271
28120,6.3669685993,21.6706034077,13.1121581211,41.1497301281
15640,11.5992508695,23.4720061516,8.27569065321,43.3469476743
36571,7.9784835339,24.5174995246,8.26981228328,40.7657953417
34530,15.7214567627,23.0541360109,13.8294159726,52.6050087462
14202,14.9531693139,28.3759548791,8.6610584745,51.9901826674
16308,10.8110986824,21.6856445018,10.3057722997,42.8025154838
3548,6.17083431153,23.7148591945,9.05541901903,38.9411125251
23129,7.35261303587,24.6023138872,9.26985912843,41.2247860515
3000,5.60691486636,23.8428491675,8.33976226556,37.7895262994
12151,9.98088867306,22.0444803384,8.26726198923,40.2926310007
35377,8.34348460782,22.3781699764,9.33678398658,40.0584385708
3181,10.335310539,24.3925350556,9.32586469334,44.053710288
2467,7.78396582253,25.4194798528,8.98403623464,42.1874819099
21813,7.9093441889,23.1106235779,8.4648874563,39.4848552231
32180,14.693277006,25.9945077486,10.1775279767,50.8653127313
28907,9.63974272812,24.5912438458,8.36707838913,42.598064963
12901,10.4113138631,24.8286434455,8.4663081394,43.706265448
3544,9.84087319664,23.0363335236,10.6391040586,43.5163107788
19711,6.99464372982,22.7076705363,8.45602913373,38.1583433999
38298,11.2888568009,22.6834120951,8.61109903998,42.583367936
6467,8.72250513792,30.9191370591,10.2480904804,49.8897326774
23751,14.7577974737,26.6949801312,18.0675872721,59.520364877
19055,10.7629320009,22.8856230467,12.5143797793,46.1629348269
3683,12.117804554,25.7254873668,8.73792938816,46.5812213089
12349,9.85586012249,22.7014221816,8.8400473504,41.3973296545
20211,6.36721320978,28.4020087239,9.15302545528,43.922247389
29739,13.9793931631,21.7530201494,9.53291655852,45.2653298711
29826,7.69580781332,21.0417926517,14.5041428692,43.2417433343
29240,6.02548284555,23.4743632023,8.48868715334,37.9885332012
23953,7.56131989127,20.7668883746,9.29322724255,37.6214355084
24053,5.93403390398,23.7925606234,9.39070676579,39.1173012932
6807,6.76368644405,23.4929234253,8.4135276184,38.6701374877
5814,8.84194117228,22.5998046862,19.7219584904,51.1637043489
12266,9.01065760966,21.7677656081,8.58811088244,39.3665341002
24680,7.60745490224,22.5922722612,9.33520760049,39.5349347639
29202,10.739506407,25.0704609072,9.50875239191,45.3187197061
39839,8.59484309509,21.0592230942,8.30831341832,37.9623796076
26595,17.815699716,23.8653061915,8.69200781996,50.3730137274
16782,6.68085567703,24.8160733791,9.4234462715,40.9203753276
15012,9.40340250461,22.3313565758,8.24844780139,39.9832068818
5474,11.0830274935,23.8813400766,8.21110003908,43.1754676092
11712,16.1229380852,23.0656413969,9.0147642999,48.2033437821
6640,14.2698415145,21.0813943557,8.22771750668,43.5789533768
32684,7.01335737666,21.5013573192,10.2810086508,38.7957233467
17272,12.2643938197,23.9758862619,9.47251717507,45.7127972566
22720,9.41635066787,23.3065189906,8.22891523914,40.9517848976
24068,8.16284425272,24.3752812872,8.10292251406,40.641048054
3022,10.960729999,22.490543671,9.2832835825,42.7345572525
2094,5.87042200713,29.6320400178,9.47435483359,44.9768168585
22541,8.61153355516,22.6110668121,8.43275185156,39.6553522189
1877,15.0268275044,22.5567554316,8.50380871775,46.0873916537
34315,8.42923969454,22.9597262224,9.0537581987,40.4427241156
24218,15.5348857909,28.2476609328,8.15201166565,51.9345583893
9821,10.5975605731,26.7418930314,10.0343180646,47.3737716691
7674,18.0321165907,21.9773145637,9.50417672549,49.51360788
29464,7.06370596397,21.8076425003,8.71565649691,37.5870049611
32395,11.2749819913,22.7528222365,9.7379134101,43.7657176379
23265,11.7294315628,22.7000054747,9.75414530112,44.1835823387
11309,15.0207178364,22.0438884165,8.33322579176,45.3978320447
11497,7.32124574232,23.0697922438,10.5285598692,40.9195978553
12765,14.6937404905,23.97788138,10.0114470655,48.683068936
39651,6.55106059251,30.6452913773,8.54811323896,45.7444652088
13103,8.17920686363,25.4537192659,8.95538945062,42.5883155801
12462,7.40877308418,21.421042587,9.39281359883,38.22262927
10188,6.66427558473,24.3865931143,8.3073163798,39.3581850788
15056,10.4419642762,20.767183248,8.71735488518,39.9265024094
26734,12.8920975398,22.0529885282,8.67361093591,43.6186970039
28633,9.58853621439,22.1821311879,8.3126720535,40.0833394558
890,7.45604420887,22.8722197508,8.64650780565,38.9747717653
38552,6.39779308324,26.5823497154,11.16189293,44.1420357287
26142,7.62126580757,23.6782173994,17.425754434,48.7252376409
23458,10.3191431061,21.2550685556,8.61312000477,40.1873316665
23829,9.13255919721,23.4678050368,8.37835306224,40.9787172963
9575,7.7407943414,21.5176920229,8.14960115591,37.4080875202
4069,9.17075937162,22.0021605937,8.58120678221,39.7541267475
902,7.35033289589,24.0667856442,12.7127319886,44.1298505287
19383,14.8981117388,23.6369147646,12.0710611536,50.6060876569
19114,16.9286490023,22.6446639862,8.22360601852,47.7969190071
39073,7.78429338145,22.2837291483,10.3694276549,40.4374501846
18322,7.08825535797,23.3648038251,10.7039844079,41.157043591
30223,7.43129664902,32.88414204,8.22167022632,48.5371089153
13753,9.38857446948,23.0951820914,8.2735785486,40.7573351094
17179,11.2554098543,23.6784492919,8.31030824768,43.2441673939
27126,10.1182660093,23.9977651358,8.34983125027,42.4658623953
17710,10.6272932134,23.8472724009,10.475943142,44.9505087562
25188,7.85031386869,20.9603978045,8.73363682389,37.544348497
14687,11.5847427,23.8663532304,8.41977216759,43.870868098
5559,8.92379694726,21.3482823463,8.07791871765,38.3499980112
349,13.345877766,22.2739902486,10.1140965869,45.7339646015
16936,8.46014940526,24.8603700471,9.23403626618,42.5545557186
39770,8.65479794346,21.4128463951,12.3900316098,42.4576759484
101,8.16601555454,22.7233963579,9.77585946617,40.6652713786
25925,11.8256137978,24.1466141209,8.71530071787,44.6875286366
37518,10.3243706599,21.1058293229,8.67892027584,40.1091202586
7067,11.738102665,22.9852505666,10.2909701116,45.0143233433
30143,9.19440213362,29.845764954,8.59735774887,47.6375248365
32385,7.42841333606,23.030879383,8.39690503812,38.8561977572
16683,6.79045152351,21.9959539419,9.66173288063,38.448138346
21003,9.9829093769,22.5254303542,12.4366170554,44.9449567864
19768,10.8443966774,25.8791932989,7.99162614425,44.7152161205
2741,9.37674810354,21.0941074532,9.40351529136,39.8743708481
26931,10.4517531058,26.2408929914,8.66285918551,45.3555052827
13518,7.99416212621,24.9049520708,8.26811946083,41.1672336579
37442,17.0410569648,25.2888492317,8.08922288866,50.4191290852
23121,9.5152310691,23.1833995875,8.42129139535,41.1199220519
36873,8.94793965038,22.5310262583,10.3537714115,41.8327373201
28646,11.3629547994,30.0862250606,8.08964495693,49.5388248169
12662,6.63370046615,22.0181764562,10.6545163965,39.3063933189
4609,7.15158204064,23.1443584353,12.7654805239,43.0614209999
6185,7.39852495676,23.0749925726,8.5599105674,39.0334280967
20047,14.6028035999,22.941321797,8.26483571261,45.8089611096
3637,7.10893043612,21.2059212951,10.3815547188,38.69640645
29430,6.7128753093,25.5464563807,8.22458294102,40.4839146311
27993,12.0668067348,24.584487826,10.7444214673,47.3957160282
20474,13.169378977,20.8546933851,9.4685937831,43.4926661452
25277,7.98180778898,27.0420752019,8.67398697606,43.6978699669
12368,7.53689076348,25.1845136139,11.0612872459,43.7826916233
25061,10.3944185829,23.9600528038,9.95953435854,44.3140057452
4875,12.505691926,21.5608734995,11.6388877013,45.7054531268
22216,7.35249674749,24.7653089684,9.57537656489,41.6931822808
1271,7.77786020978,21.6127019567,8.59241489057,37.9829770571
15524,6.34091179176,24.1262226748,7.84670858174,38.3138430483
37945,9.33078516168,27.7634084854,8.29260155424,45.3867952013
29127,13.7238402894,21.6988237821,8.23719429327,43.6598583648
37797,7.98219656164,23.37588619,8.59237943443,39.9504621861
23531,10.675972674,25.2880660654,15.6888693239,51.6529080633
17558,11.4650430575,25.5197605565,9.018433603,46.003237217
34303,16.9660552739,22.997631224,10.8074367547,50.7711232526
36516,12.3840569691,26.681923815,8.11192188261,47.1779026667
24867,13.8692108608,28.8640287146,10.2340424084,52.9672819839
27709,12.8375384467,22.5517465801,9.8568029338,45.2460879606
39283,7.79482323501,23.5290653716,17.0729565105,48.3968451171
7003,17.7617369967,24.9539078748,7.74518777192,50.4608326434
22059,7.12791609514,23.8997223713,8.31619458342,39.3438330498
25271,8.11356910446,22.1470013185,10.8022093742,41.0627797971
6221,10.9490409078,26.7249012488,14.5149012636,52.1888434203
1159,14.0506305455,25.8358640816,9.0423477897,48.9288424168
6054,7.39835489903,21.4835647484,8.74492441516,37.6268440626
16810,9.51713851043,21.6481282944,8.86888799375,40.0341547986
32063,6.72908744152,22.4425772972,10.0875655106,39.2592302493
4830,12.6795985734,22.6856021165,8.58698269258,43.9521833825
26603,9.72959562305,20.6249962448,9.05137049626,39.4059623641
25560,6.243606441,25.4425652783,14.6082089625,46.2943806818
37387,7.53791379549,21.5081851883,8.65863250775,37.7047314915
21144,12.7599880578,29.5612332082,8.72356199071,51.0447832567
9483,7.72434964573,23.522526668,10.2904182141,41.5372945279
38602,8.8129814885,21.3137254317,8.52226590808,38.6489728282
12205,7.65403621895,21.4181262609,8.37662005917,37.448782539
37916,9.90306817673,24.3377570065,8.96960512036,43.2104303036
938,19.067256905,27.0447767422,8.74769751984,54.8597311671
10363,10.4118439199,21.8052133358,8.85259116115,41.0696484168
21980,8.53178491256,21.0116148579,8.89638163247,38.4397814029
16261,10.128692693,25.5300752679,10.3882938665,46.0470618274
28389,8.60140635085,20.723557182,10.2603950909,39.5853586238
21904,6.52366404925,26.4437679306,8.39641624169,41.3638482215
19456,14.2729405236,22.5343384574,9.15669293804,45.963971919
27298,7.40046580954,25.7238927748,9.18012535071,42.3044839351
38000,10.4936487478,21.3083654381,8.43481524543,40.2368294313
38447,8.09305179503,20.9856621947,10.5178754711,39.5965894608
11500,9.71192762595,24.5774233762,10.2378492088,44.5272002109
25060,12.0288091182,22.2058852981,10.8830864807,45.1177808969
2134,6.7898793361,29.7703152862,9.20569567865,45.7658903009
29946,8.23533037871,21.7191804706,10.9279067726,40.8824176219
15881,8.79361054143,22.4406715097,8.29346702855,39.5277490797
23896,7.16991381052,25.0221582084,9.20727213996,41.3993441589
32524,6.7276926378,22.0222503147,11.4747144616,40.2246574141
30224,25.6100826023,23.1764121396,8.67698823061,57.4634829726
8139,9.40806323813,21.2437334566,8.4935691662,39.1453658609
3600,13.030579361,31.1491293243,12.2014390117,56.381147697
24997,12.2578163786,25.1139996633,8.78030429577,46.1521203377
5318,6.5497602101,23.0845328484,8.88788913672,38.5221821953
28524,8.1231723489,21.3088911628,8.7736565162,38.2057200279
25296,5.53678235368,28.1902745735,9.58327898604,43.3103359132
11231,9.1217853391,22.8460282077,11.0198661253,42.987679672
24313,6.62857882774,25.3289151884,8.74977452699,40.7072685432
25881,11.0756254609,23.2470051687,8.30810933639,42.630739966
26855,14.5003017002,27.1279205237,8.49957524368,50.1277974675
17536,10.1072472998,22.2668058715,8.56140845324,40.9354616245
33550,7.41609408612,22.0865747808,8.93083422294,38.4335030899
9680,8.56266976168,28.2779803957,9.45451498932,46.2951651467
26280,9.09575235289,22.1988354293,12.0543362772,43.3489240594
18275,12.6479853338,22.8521003878,8.78091125803,44.2809969796
36543,9.73105084218,23.7717521205,8.00920718473,41.5120101474
16835,12.269827354,20.9299900688,9.69921965571,42.8990370785
32661,12.172408866,21.0400047459,8.65426673043,41.8666803424
19991,10.6108239675,21.8247149979,9.71835663854,42.1538956039
26574,12.831272281,21.6190921495,8.67489865236,43.1252630829
15059,12.70932861,21.2482060208,8.16767324253,42.1252078733
21992,10.3137555841,21.4511161054,8.61258215078,40.3774538403
19145,11.5857912113,22.4974471804,16.2181887692,50.3014271609
9620,12.7854532073,21.8976512425,8.61894719915,43.302051649
1549,12.8397246036,20.8712543549,8.60261751237,42.3135964708
11469,7.05913409057,21.5004236858,8.8655580025,37.4251157789
8233,6.24210980511,21.4158867233,11.1589417814,38.8169383099
4302,8.32183609044,26.2714071837,8.36178637658,42.9550296507
14267,6.30306177614,22.1707396114,8.5348608439,37.0086622315
2664,10.9946450293,21.2745843593,8.71618997994,40.9854193686
2864,15.8509834385,21.2250619172,9.93886906656,47.0149144222
37222,6.69630885099,21.4225170912,9.83376332303,37.9525892652
29791,6.48308774044,22.8663630107,8.50139321279,37.8508439639
1362,7.60821819077,25.8958553297,9.32881313661,42.8328866571
37642,8.77562237181,22.0420197262,8.77948940484,39.5971315029
9682,6.82242652044,23.9623526121,10.3893059634,41.174085096
35931,6.99637462757,23.09922948,8.37972304784,38.4753271554
27475,14.0047587817,21.4759493032,11.1646140765,46.6453221615
26910,9.09032378709,22.0172618406,9.30914868573,40.4167343134
14937,12.4113673407,27.461874785,9.24954218699,49.1227843127
32293,14.4554346986,21.9807505299,8.62817408847,45.064359317
24254,9.0835220887,25.6726764848,8.59376468284,43.3499632563
37059,12.7270196108,23.6310974186,8.57135835068,44.92947538
9773,6.34323678252,21.1673021057,8.90009947127,36.4106383595
13883,10.6541988322,25.9709929475,11.2922023236,47.9173941033
6746,10.5849985072,20.8745837087,9.82772149585,41.2873037118
7007,8.41636912443,27.5576379953,8.95939480237,44.9334019221
15615,6.8010782275,23.0939922362,8.31536241813,38.2104328818
11014,7.99506515817,20.5820303735,8.73499303102,37.3120885627
29978,13.0705980108,22.2387528522,8.614371107,43.9237219701
5760,11.0240625927,23.949785406,10.0850706885,45.0589186872
29061,10.6481438818,22.1278998117,9.59142358657,42.3674672801
31787,13.0846632124,22.2522284621,9.81234122487,45.1492328994
31807,8.40322798483,22.6201906958,8.57033453843,39.5937532191
10263,7.61159998818,21.5744293029,10.8706759555,40.0567052466
8717,7.46565525713,27.1770166765,7.9618997931,42.6045717267
14287,9.84398923156,21.872345786,8.49828777742,40.214622795
14010,8.2040597024,25.2345952651,9.47563208103,42.9142870485
18353,13.186831921,22.8671562354,8.39614594268,44.4501340991
21594,6.96421524976,27.6343004614,8.37907561649,42.9775913276
28332,9.75700373252,20.9840237564,9.47053508646,40.2115625753
20090,11.7310876483,24.0876518337,9.15186410038,44.9706035823
36367,10.7887522064,22.308045901,9.73726726578,42.8340653732
377,6.28964406459,26.5403234534,9.07134865535,41.9013161733
20163,11.7425098598,25.2229218608,8.40390799397,45.3693397146
9525,7.26640659371,23.4219981267,9.89221205566,40.580616776
22522,9.51061780964,23.0259705285,8.57744300925,41.1140313473
29879,8.76604638377,25.8922688313,8.3753370819,43.0336522969
25709,11.6120363952,27.7602929572,8.4325580992,47.8048874516
23117,10.442899625,21.6458101399,8.65020065988,40.7389104248
21788,10.3308473032,23.3613801001,8.19121392829,41.8834413316
12540,7.61564880592,22.7663461823,10.6833806771,41.0653756653
22469,13.1809061226,25.1390516905,10.0768842153,48.3968420284
7964,7.7926838521,22.0313436741,8.46451486368,38.2885423898
38472,6.38611533405,25.7541999172,9.68224226525,41.8225575165
12070,8.76329046761,21.3805196181,12.1360574275,42.2798675132
5553,8.03836365038,23.9161481925,10.0713700325,42.0258818754
31161,10.1903124393,29.295701331,11.4988525851,50.9848663554
11124,13.7066335762,23.0000398457,14.5948105314,51.3014839534
619,9.31694109518,28.3319952297,8.27503308458,45.9239694095
8861,11.5159276785,23.6699853274,9.55318789465,44.7391009005
4298,9.75480913496,21.8523451407,9.13256244211,40.7397167178
10096,12.1143988137,32.3048707557,8.88112603285,53.3003956022
11046,9.66968435447,23.5062533452,9.03402208411,42.2099597838
2230,8.73378278231,22.4316925485,9.02831840871,40.1937937396
24494,9.26925212152,24.9354973569,9.41752514177,43.6222746202
22151,12.0107714368,22.3338712031,8.38844484791,42.7330874878
14980,6.40604393775,23.5225528008,8.26450043304,38.1930971716
34067,7.08683373578,21.6429213644,12.8532872783,41.5830423785
3480,8.42961779604,24.5080447933,8.64857010154,41.5862326909
8849,10.1731091703,21.774955148,10.8889724726,42.837036791
16767,9.54793443011,22.0346999951,8.5268553312,40.1094897564
10586,10.3437292846,25.0283749013,13.927217774,49.2993219599
1534,9.68926894771,24.3326777991,8.67995299902,42.7018997459
17161,12.97785449,30.2196514609,8.78265140999,51.9801573609
18114,11.3293315441,20.9293128059,8.30655192453,40.5651962746
32461,16.1739920653,22.5332642655,8.04733173322,46.754588064
23199,9.63832283563,22.4837380451,8.42249136172,40.5445522424
33042,9.48330317696,24.1398209197,8.39363851492,42.0167626115
32799,13.0646529964,23.0190534921,8.55669754396,44.6404040325
23004,8.38313121229,23.3510452075,9.5496845905,41.2838610103
1487,8.75513054892,22.0159523171,8.40512993627,39.1762128023
1797,13.8031108895,21.6545417801,8.45580741098,43.9134600806
19603,11.3160504748,22.858885231,8.78809837356,42.9630340794
16622,8.26196863978,22.9613153109,9.00054325036,40.223827201
11711,12.1375290032,21.5060802691,11.1477693886,44.7913786608
32652,6.77217268995,23.30831075,8.49562559186,38.5761090318
7322,9.31320782196,25.7400314911,8.35258970154,43.4058290146
12226,9.36162354357,21.3409489175,8.35417822823,39.0567506893
23482,11.4990141269,21.9941423352,9.01803641957,42.5111928817
38449,9.34485923732,21.5967937521,9.90159511031,40.8432480998
18098,14.6052260504,23.9069770273,8.9352063184,47.4474093961
19663,8.85953766599,22.4171534442,8.33478249228,39.6114736025
1440,9.44270746448,22.7344901385,8.98116132513,41.1583589281
11344,5.96965550938,26.2088321807,8.71015877275,40.8886464628
28084,10.8441805683,24.4484284469,9.64230122026,44.9349102354
33531,14.3862648737,21.6309875098,10.1745756153,46.1918279988
7593,7.36549351806,21.4217936336,10.4617476457,39.2490347973
8049,11.7747290038,29.0924403574,9.24262928013,50.1097986414
38760,13.4700468508,24.6354028794,8.26207837245,46.3675281026
37861,9.87438842571,20.7638400629,10.4966214498,41.1348499384
15573,8.42252534437,21.8630684697,9.19870879215,39.4843026062
17148,11.4480003958,26.6734882803,9.24703993248,47.3685286086
29227,8.21271248657,21.9727780185,11.5870986093,41.7725891144
27427,9.27965332494,23.5857157651,8.39450086444,41.2598699545
31493,9.28253637153,21.5222478142,8.36338601326,39.168170199
22848,7.28765583568,21.5326744616,9.41833754981,38.2386678471
18390,6.95313717237,23.8006168031,8.96877696034,39.7225309358
11830,6.25120162819,24.6300668555,8.47821084538,39.3594793291
26822,12.3173222285,21.7105301351,9.09422420472,43.1220765684
21619,6.86990867074,26.9083236553,8.73877312517,42.5170054512
30216,8.10029353886,20.8810529752,8.28536498019,37.2667114942
21329,8.4484207649,24.0354418619,7.96947495924,40.4533375861
21283,8.99505377142,24.5765156438,9.73982979827,43.3113992135
19939,8.52375142454,23.5396184529,10.0772704307,42.1406403082
584,16.397292373,21.3993956754,8.53373323976,46.3304212882
28734,10.0567573999,26.4876661533,8.34132150673,44.8857450599
11306,13.3605160762,21.5120345297,9.09654679976,43.9690974057
4755,7.47890039246,22.4279732679,12.2967960226,42.203669683
39849,7.61687364863,21.2337047653,12.2412115882,41.0917900021
29278,7.52404550349,24.0936000818,9.57590185573,41.193547441
929,9.52832419904,22.4281730753,8.69959505866,40.656092333
18506,8.60662591744,21.9631410572,8.4944170717,39.0641840464
19193,11.9739305954,22.4242095675,8.24751983365,42.6456599965
23056,9.40135609972,23.3644711717,10.1984619656,42.964289237
23630,7.34174497012,21.5764116622,8.53741917675,37.4555758091
23407,12.61305124,25.7625513589,12.1798195761,50.555422175
12465,6.33739389421,23.2057767647,8.29554418678,37.8387148457
21555,15.0727378324,24.0414423292,8.77490060643,47.8890807681
15332,9.55037151959,21.9836620786,8.49317569187,40.0272092901
25945,9.20817122074,28.7718513249,8.69975438301,46.6797769287
3449,6.47431953453,21.95993283,8.50501926431,36.9392716289
19792,8.32606580977,22.0556914445,10.2096845438,40.591441798
15417,7.0577069771,22.6285772987,8.80159761178,38.4878818876
25965,6.14354965722,24.773145258,10.4081143398,41.3248092551
23569,8.83005161498,27.5485295546,10.9331325531,47.3117137227
17537,6.78514992108,26.70052144,8.5771665262,42.0628378873
28325,11.4083605915,23.0232375025,8.71085850771,43.1424566017
5982,7.36619637798,27.240461736,11.5670827626,46.1737408766
22297,11.3119495591,22.768048022,8.8987646245,42.9787622055
4440,11.1977814317,24.3119063403,9.37736527327,44.8870530453
23555,9.7614313103,21.3333098983,8.44505642588,39.5397976345
1325,21.9624021282,20.9779672525,11.9275271455,54.8678965261
14632,6.57166831943,25.3375025586,9.27979010187,41.1889609799
9302,14.4919134756,20.7070662103,8.45724442387,43.6562241097
14925,7.85798329876,25.4854216829,9.49337210463,42.8367770863
21680,6.79827741348,21.4428493279,10.2121044251,38.4532311665
9334,6.75302080971,26.3018052999,8.97526473378,42.0300908434
5620,18.156026581,21.7755768962,8.55955900679,48.4911624839
6694,10.609926434,26.099364921,7.88469172136,44.5939830764
29987,7.54708912703,23.0712558189,8.35566621577,38.9740111617
16824,8.87780408621,21.4344809682,10.1508965271,40.4631815815
15956,12.1566166907,28.557731942,8.51955313736,49.2339017701
25721,7.17782835152,32.3907754735,9.64528545612,49.2138892811
30680,8.77225038159,22.0293788918,8.36071198424,39.1623412577
10076,6.93288766178,21.041747452,9.34370268813,37.3183378019
13093,11.1185078453,20.9908928848,8.32619838164,40.4355991117
20687,5.29381704547,30.6888575392,8.35621902478,44.3388936095
5346,6.70432701206,23.7359942361,8.93889335728,39.3792146054
31034,12.3558567615,23.0430901476,8.24976019849,43.6487071077
6970,6.22826411081,25.4299227534,9.25704983763,40.9152367019
2102,11.9442437729,22.5863148246,9.96317397612,44.4937325736
3589,8.29030102238,22.0466955676,8.26729633836,38.6042929284
31773,10.0861340555,21.8297013242,8.12480378971,40.0406391693
26515,10.8512455311,23.1992528115,8.63059207477,42.6810904174
20472,5.88110564895,21.1831307643,9.08629059872,36.150527012
11686,9.66999199117,21.1515845703,9.13059830959,39.952174871
27052,10.8916336685,21.7786688094,9.40588835895,42.0761908368
7888,6.2694161289,26.7590827912,8.52427539868,41.5527743187
38233,13.9191907232,21.7048934214,8.30484523789,43.9289293825
2695,11.634482311,24.8642208279,9.65751046127,46.1562136002
6992,12.0075291676,20.9765622293,8.71677348201,41.7008648789
4314,12.0234737702,25.073275132,10.5804498842,47.6771987863
8222,11.5727149923,27.012271833,12.8789402081,51.4639270335
6394,9.45700818564,21.7804189396,8.35339040817,39.5908175334
19944,7.75698784968,22.0289654291,8.3224518256,38.1084051043
35145,11.6313986892,24.3673097242,12.0385084842,48.0372168975
1388,6.23796771298,22.5332479488,13.8253588332,42.596574495
9728,6.64234594466,22.5980423079,10.2440509544,39.484439207
7375,11.9064776822,24.8414427209,10.0382163959,46.786136799
2382,11.6058977485,21.7500329393,8.1416943364,41.4976250242
9990,14.0442350849,24.0306143508,8.38746862099,46.4623180566
2410,7.76018988169,21.6424077966,10.8868085868,40.2894062651
38497,14.5138787455,21.8473757394,9.74283410855,46.1040885934
26705,10.0543365838,24.1668553043,8.56433274108,42.7855246291
29006,8.90968102158,22.2742444457,11.3621681898,42.5460936571
7461,14.4663109297,21.7466163872,9.11282280808,45.3257501249
22738,7.82731591411,22.0899376649,8.78308349234,38.7003370714
32430,13.6243125146,21.0398892369,9.70541850837,44.3696202599
4817,8.39586346306,23.4697404922,8.4963474589,40.3619514142
37099,10.9814930289,23.8538782135,8.21210981681,43.0474810592
32491,7.68526420229,22.3988089843,8.42108839953,38.5051615861
859,8.10859483325,24.731266853,8.59024646161,41.4301081478
11598,12.2492931824,22.1024404148,9.11945460981,43.471188207
16970,7.94912888247,22.0180270339,8.81448117204,38.7816370884
18176,12.0628260068,24.9155704553,8.77772798898,45.7561244511
33619,14.3124262738,21.3932894934,9.08452945379,44.790245221
35212,14.941590492,23.3340874661,12.9137679143,51.1894458725
14630,10.688167928,23.0734348115,8.96603819503,42.7276409346
12844,9.16447404142,20.8489587085,8.61440289367,38.6278356436
17856,10.0543919893,26.6388699559,8.38710759903,45.0803695441
37711,21.0178986349,23.1882827007,8.59643083021,52.8026121659
38689,8.59814901854,21.4712159753,8.58905885006,38.6584238438
13232,9.80982297045,21.1805209962,8.43134731171,39.4216912783
29820,11.6133400305,24.030448552,9.63021547181,45.2740040543
35751,10.465648173,21.2531277618,8.95048626301,40.6692621978
24221,7.61694399364,25.2239239834,8.40099843199,41.241866409
9871,8.09518653592,24.8058859784,9.16468557778,42.0657580921
11525,12.1633662622,21.8098878431,8.31951319139,42.2927672966
38911,8.89042791142,23.4569144071,11.9748717794,44.3222140979
13950,9.69108931799,22.9135725645,8.56245308706,41.1671149696
23184,8.26216731975,25.4321894158,8.52603379572,42.2203905313
27775,6.99453350841,23.0418831013,11.2969660971,41.3333827068
33572,8.96652269774,24.392849018,11.330466416,44.6898381317
8041,11.1956910427,25.7788564488,9.36093824412,46.3354857356
23015,8.12517381498,25.364268576,8.65495566451,42.1443980554
24746,7.59008860539,23.2058346692,9.50911428168,40.3050375563
80,9.77918142462,21.6848124698,9.48539418337,40.9493880778
33948,11.0624080124,23.8259680556,8.39218625586,43.2805623238
18310,9.4062294873,23.8310906383,8.74101893245,41.9783390581
16841,10.5435455458,21.3254880489,9.78519725373,41.6542308484
13558,8.25790363838,25.4944211012,13.1531514473,46.9054761868
24779,10.9132367655,22.6751902844,9.53256381704,43.120990867
13763,18.781678857,28.6037802409,13.7126897311,61.098148829
24089,10.9688472887,23.0982462305,8.3375537215,42.4046472407
23098,7.57376240233,21.3797524273,8.99650585441,37.9500206841
1394,8.43637276587,23.5586659414,12.3466772998,44.341716007
29031,9.95200608905,22.1408899755,8.60287293653,40.6957690011
2147,11.6867132767,24.0868976636,9.94955980843,45.7231707487
35440,15.5484644644,21.3081054027,8.6711806693,45.5277505364
1622,7.22226645663,24.2290631616,8.39553205608,39.8468616743
12794,8.95744740364,23.4099515112,15.4761195368,47.8435184517
2843,6.83915649195,23.1286195384,9.95731073204,39.9250867624
21075,8.7629630122,27.0581395612,8.22185531938,44.0429578928
30552,5.93984787714,24.884521202,8.49264068054,39.3170097597
36823,7.88371088551,23.1361990382,7.95639024862,38.9763001723
20453,8.73514336424,28.9414928155,14.1192257089,51.7958618886
28165,10.1177149179,21.2902611939,8.29736015195,39.7053362638
30328,8.60961664485,21.2694800957,8.28971331105,38.1688100516
2400,10.0230724157,22.4818178894,8.22360579106,40.7284960962
35711,8.12609441964,21.6963631328,9.15926267804,38.9817202305
28948,7.72497032489,26.1517247637,8.56947720407,42.4461722927
30158,8.15497789574,21.7755966115,8.80352559843,38.7341001057
21614,11.8647288548,22.868312371,9.82200509769,44.5550463235
595,12.719025105,23.0054019428,11.5734106733,47.2978377211
38969,8.38126834873,24.5407786554,9.66169323867,42.5837402427
35574,8.99559225699,26.8310055677,8.44303994475,44.2696377695
8535,9.5730529742,20.6249939388,9.55516307004,39.753209983
6156,16.9752793414,23.4975066963,8.19438720831,48.667173246
2487,8.28621655245,23.3197374317,8.47296482169,40.0789188058
35792,13.233283007,25.2538664954,9.07232289858,47.5594724009
14944,9.59375132026,27.735605476,11.4466494179,48.7760062142
25732,7.97145504958,21.6304661248,8.85843690782,38.4603580822
28720,6.6416628884,21.49294487,8.42350599527,36.5581137536
28861,10.1201135094,21.955451612,8.39007621685,40.4656413383
29523,12.6251755782,21.3565419658,8.71106417462,42.6927817187
35734,6.32343826994,28.70315156,9.67363931703,44.700229147
28498,6.65212505996,23.9278467801,9.12765258742,39.7076244275
18543,7.04268083737,23.0286227335,9.15389435351,39.2251979244
12289,7.97180294583,21.1208865438,9.12150224664,38.2141917363
17137,9.95626437972,24.5036031834,8.22399807481,42.683865638
29991,6.88950862594,24.3880338189,9.42588048468,40.7034229296
2540,16.6002047292,23.4473944231,9.35263576073,49.400234913
20048,6.39836217749,24.4322112698,8.97272145216,39.8032948994
14730,15.724509129,22.8305464566,12.2414714752,50.7965270609
35216,8.76463517984,22.4584625793,8.37257089831,39.5956686575
8783,9.3849850708,22.1465770502,8.79468118268,40.3262433037
35572,13.6961121221,20.8300080911,9.28968089346,43.8158011067
13603,9.05599482171,27.720090265,9.37579523536,46.151880322
34790,11.3086939016,22.9419263927,8.96492748879,43.2155477831
37221,6.46096820989,22.7131798461,9.96703037057,39.1411784265
39990,10.2352517606,23.3738338597,8.19604274751,41.8051283677
11546,7.63428321476,22.3205548185,8.254364527,38.2092025602
29131,11.4763763101,23.2427708898,9.80634341684,44.5254906167
2163,9.18549087464,22.2541026231,9.35025807115,40.7898515689
13686,7.06593733781,29.3967380912,8.48468421845,44.9473596475
12146,20.1846498465,22.0996045463,9.78770047793,52.0719548708
37250,6.94255872903,22.7214709567,8.73009886827,38.394128554
15527,9.66924522851,22.3767742675,9.27386777005,41.3198872661
2108,9.90434252994,21.5260075676,8.60941349935,40.0397635969
16040,5.44282346599,22.607821964,8.3416492077,36.3922946376
11314,6.64716153755,21.6271897279,8.68443301698,36.9587842824
18437,6.7712600059,23.1906672853,8.88914833094,38.8510756221
28431,8.74291585758,22.28615439,14.3911960939,45.4202663415
8692,11.088252557,21.8909303412,8.40764974363,41.3868326418
25389,18.4903318506,23.2720932039,8.34931017938,50.1117352339
39021,9.17794359827,23.2795238402,9.16867060218,41.6261380407
37786,6.21208253922,25.2205032009,8.37887652715,39.8114622673
33995,16.7996818807,22.4419568238,8.98751805085,48.2291567554
36189,12.9084070075,23.4682634658,8.28506046794,44.6617309413
13268,8.52285055006,25.0377888648,9.30415569092,42.8647951058
494,7.56921383334,23.6567856821,8.26671320161,39.492712717
13263,8.72497935413,26.210238348,8.67262415185,43.607841854
5894,8.23365631715,22.7650527545,9.70589266538,40.7046017371
20075,13.0831770741,27.3042049857,8.54567372901,48.9330557888
33841,7.00291608667,22.8668959583,8.55615574624,38.4259677912
26772,15.7639638977,24.6265603744,9.02708003772,49.4176043099
6586,10.6909412372,21.0882202359,8.44094794251,40.2201094156
30865,8.00734725026,27.4357195257,8.20778926554,43.6508560415
21206,8.34477980438,23.728333839,8.68305221975,40.7561658632
10615,7.73687951065,22.4455843673,9.56741039317,39.7498742711
30716,15.104835518,23.6719138313,8.51243603587,47.2891853851
4437,7.89085756124,29.8162144716,9.83231220319,47.539384236
36125,9.72698190996,24.2451255302,8.56470899938,42.5368164396
14585,7.27455629949,21.0725535952,12.0833100243,40.430419919
34430,12.0452499116,24.943183477,9.21628457103,46.2047179597
19770,16.681109479,26.4296518192,10.1180330785,53.2287943767
32182,9.93941999203,23.4994755883,10.7212891963,44.1601847766
21399,6.45508014147,25.588539034,8.59140365863,40.6350228341
38155,12.0853895032,22.4491039037,9.48399529433,44.0184887013
8596,13.2145744969,22.5923026001,10.8912879712,46.6981650682
16966,9.37164748589,21.8353962557,9.82328289809,41.0303266397
13719,10.1414246219,22.5231015077,8.60214258909,41.2666687187
31754,6.82459243729,23.0508419954,8.550112918,38.4255473507
39218,15.1827462279,20.4674010729,8.58376207476,44.2339093756
4164,7.07564377583,24.9329903355,9.39180601947,41.4004401308
35040,7.11117759011,22.3477343766,8.69500307908,38.1539150458
21951,8.46150216526,24.7381510474,8.20305770338,41.402710916
1696,6.91972601097,25.1708398719,9.20541579347,41.2959816763
38491,10.9545888031,23.2791131206,9.71220440287,43.9459063265
30415,7.69928003994,21.2674989157,12.6238498532,41.5906288089
3453,8.46929206664,22.3958707992,8.90048172374,39.7656445896
5939,6.4458672219,22.5706442909,12.0251243494,41.0416358621
29686,9.92411837271,22.4685905511,17.5802105801,49.9729195039
38162,6.32236510241,23.0696147226,8.90098585524,38.2929656802
8416,6.1995691254,21.826141195,9.31568516904,37.3413954894
35622,8.61036842743,26.0521763848,8.75739545316,43.4199402653
21259,11.7268395376,20.915241577,8.91367095458,41.5557520691
20494,8.06168933562,27.5276464314,10.0301903627,45.6195261297
6416,6.96265743579,24.1259214153,8.1318122453,39.2203910964
13229,8.95323228182,24.146245509,8.58150541863,41.6809832095
19305,8.3999708121,24.0038887577,9.75468947995,42.1585490498
37031,11.2176377444,22.6725494718,8.79553382611,42.6857210423
8931,8.89993134569,24.7097500223,18.1048570922,51.7145384603
21589,7.95018857453,24.1157440015,10.2407038681,42.3066364441
37,14.8315141888,27.0231745407,9.49014462148,51.344833351
32729,10.2047151371,21.0813621776,8.03386690664,39.3199442213
29756,8.21847664984,24.0473204175,8.70813512678,40.9739321942
26529,10.4305261074,23.5032098197,8.70291063907,42.6366465661
12604,10.9887555875,22.6370158723,8.63085736664,42.2566288265
4107,8.74846107395,23.4499741046,8.76975731023,40.9681924888
14418,5.34781310536,25.1809435695,9.24924996167,39.7780066365
99,9.30613538898,24.4010307007,8.67043628995,42.3776023797
2300,9.29611667604,21.9959825279,8.35912495176,39.6512241557
503,7.96893418741,21.5674233421,8.15489437623,37.6912519058
22765,10.4005745678,21.2912644963,8.68402893416,40.3758679983
33279,10.1575507619,38.7437808258,8.75750497778,57.6588365655
32456,12.9825988298,22.3990475378,10.3710326535,45.7526790211
7449,10.4225858709,23.1240232526,9.01643008247,42.5630392059
29498,12.1833760962,21.7730295125,7.89976092911,41.8561665378
7021,5.26433916481,22.8817874623,11.4349183391,39.5810449662
12806,11.0981554504,21.7333430285,9.45837754963,42.2898760285
35306,10.4912101143,22.6717666219,8.67247625011,41.8354529863
28109,15.4076437095,24.0559952078,10.7548481208,50.2184870381
14199,8.75145108906,21.4328064548,8.24322051958,38.4274780634
33621,7.28520561991,22.0037051409,16.4025824398,45.6914932006
6458,7.28157925705,21.097526094,9.09966384993,37.4787692009
7054,7.44531009127,22.2058049602,9.81651016121,39.4676252127
32877,10.9775035581,22.1001950876,8.4344613005,41.5121599462
35607,13.0096394739,22.6514432275,8.51157046927,44.1726531707
13662,18.7452501409,24.6581250925,9.18403134066,52.5874065741
36268,12.5040624344,22.6115161715,9.88880167343,45.0043802793
9809,11.0355785153,20.8754460885,9.22212608839,41.1331506922
25476,8.49992821605,24.2785233023,10.626309207,43.4047607253
7479,8.44602376964,23.6119647639,9.74176052122,41.7997490548
18869,7.95901625856,21.5941936093,8.40783907739,37.9610489452
38824,9.44333543304,23.9736433327,10.7326450035,44.1496237692
16101,8.33747269422,21.4818440603,8.44350978287,38.2628265374
34222,13.9925126285,22.3064967797,8.41174399752,44.7107534057
37933,10.0114067933,23.582800713,8.81768879277,42.411896299
14987,16.8050912858,22.0545216896,9.79992333296,48.6595363083
38034,8.41636243628,23.6323670412,8.42308083693,40.4718103144
1683,6.40461723115,21.2013398317,10.0749583753,37.6809154381
37860,9.36554967709,26.1196264419,9.84105722104,45.32623334
18220,13.6209070622,22.5025250962,8.73509094597,44.8585231044
22340,11.025600769,21.4789285656,8.84692637722,41.3514557118
14445,14.77428647,27.4454955577,8.35876491193,50.5785469397
14495,7.18051861365,28.6940059095,9.00007960206,44.8746041252
17379,10.0572955184,27.9081902106,8.9733024933,46.9387882224
22187,15.3429163254,22.9919575185,10.3200050613,48.6548789052
29846,6.12696755312,25.1225738737,12.0484788393,43.2980202661
7372,8.01035457714,23.4061992023,9.7602687382,41.1768225176
8960,10.0754116224,22.5115196435,8.2273994374,40.8143307034
742,8.88908120071,25.4431111017,10.0259121665,44.3581044689
4614,8.34721905563,20.838594266,8.80605491293,37.9918682346
23344,9.21371726661,23.0619116241,12.3422954974,44.6179243882
5840,11.1006790296,25.3665586656,8.4178382646,44.8850759598
29402,16.690521808,22.1580563381,8.31531117547,47.1638893216
34390,9.96298720315,21.7872313865,10.0793387796,41.8295573692
28136,9.19206305938,34.2477647689,8.75401924184,52.1938470702
36789,7.79925104233,22.7900849127,8.23853394989,38.8278699049
3521,8.57475793177,23.4374907919,9.40730942183,41.4195581455
38735,6.23340861369,25.5231397821,10.9207634345,42.6773118303
19841,6.55508013031,29.1362729674,9.12016671014,44.8115198079
24275,12.6608520796,21.9506093823,10.3067747337,44.9182361956
37134,13.6629440409,23.0639570325,12.7606135686,49.487514642
7509,12.1472670167,21.9108912776,11.4844495665,45.5426078608
4718,12.7196024236,21.8091299565,8.62582910996,43.15456149
4503,14.4631014556,25.0263148648,10.7362737532,50.2256900735
6933,13.3945021819,28.5998998501,11.0059694548,53.0003714867
14181,11.928486555,26.186753265,8.15014473729,46.2653845573
9445,7.3743609874,25.094651637,9.80219727269,42.2712098971
38231,17.6582421519,22.5507714145,9.5795491852,49.7885627516
11589,7.67000240635,22.1690949789,8.9383831394,38.7774805247
22460,14.7363645714,23.3247933135,8.78105345326,46.8422113382
26131,11.4486209376,29.5523146512,8.23672414727,49.2376597361
19992,7.39100663327,21.7645710948,8.59446713146,37.7500448595
6931,13.2032388241,25.564942503,8.27708028052,47.0452616077
5205,14.5465714631,22.0169014637,10.1665956099,46.7300685366
25526,8.4811433318,23.7030428367,10.6083464955,42.792532664
38819,9.39845183434,22.4027678185,8.47706377765,40.2782834305
7777,8.09716834663,27.1081613645,12.969051197,48.1743809081
38156,16.2911267434,21.2077559762,9.18953155122,46.6884142709
14025,16.2148842713,25.9041292849,8.45566253299,50.5746760893
34373,12.9537589574,22.9240414904,8.18829982734,44.0661002751
25487,7.44804177143,22.0592271637,8.37693669289,37.8842056281
32391,12.0990162344,25.1060779956,12.4428655975,49.6479598275
24059,6.92037884291,25.9093964708,8.39129906439,41.2210743781
14098,7.02023417286,22.6667586413,9.61101212225,39.2980049364
6430,7.2605060083,24.5227448161,9.05483578147,40.8380866058
18452,11.1434621259,22.0413346928,8.29689014554,41.4816869643
36996,11.3889475565,23.3587318337,8.04665377522,42.7943331655
26517,8.84339439808,24.6761308918,8.58030217393,42.0998274638
23507,8.20647389899,21.2371452898,10.201516629,39.6451358178
26693,14.256236186,25.1657295585,8.34464973443,47.766615479
38071,8.32405177499,23.0719392527,9.12310072986,40.5190917576
35023,13.3430313053,25.4263957569,9.00242972305,47.7718567852
7649,9.22814310487,25.9583071442,8.20347006377,43.3899203129
4679,10.1894091685,29.9274342601,8.13297311722,48.2498165458
20222,10.6131000339,25.3375962101,11.9192069307,47.8699031747
38929,7.97947742048,22.1633404009,8.87519911177,39.0180169332
8322,8.20200839299,22.7716122477,9.46150607057,40.4351267112
18859,7.68952417107,20.8996589428,13.7394593321,42.3286424459
12713,5.58945218207,21.6522198168,11.201094589,38.4427665879
16988,8.71048288905,23.7281622304,9.74395678138,42.1826019009
16290,7.29095680136,21.5852907817,8.03599530793,36.912242891
26222,6.01973486727,21.8790637762,9.2783875273,37.1771861708
10369,10.4832788843,21.990169396,11.6343420383,44.1077903186
26059,8.94263689244,24.2494089078,8.25765566531,41.4497014655
32483,10.6747177658,21.4585496088,9.56601081178,41.6992781864
12317,10.0421042287,24.0785847862,8.5994919431,42.7201809579
16424,8.35187654542,23.1491137728,12.1548210662,43.6558113845
28685,9.12428092341,23.0152317688,8.33108370749,40.4705963997
31901,9.73939510176,24.2749115036,9.39435691264,43.408663518
4553,8.36169129163,23.7175886304,8.40752497464,40.4868048967
10207,5.92809168823,21.9033371682,8.41957097779,36.2509998342
29045,8.85004519012,22.0515324011,8.60548143639,39.5070590276
4655,9.37527674999,22.4989820922,9.01456816283,40.888827005
11316,9.14462113917,22.4595273774,11.7174674965,43.3216160131
11622,10.2837383412,26.6055184341,8.6797362423,45.5689930176
28831,7.97411035745,22.9639955276,15.3665154535,46.3046213385
14071,10.062593031,22.0792330041,8.62921382518,40.7710398603
13476,10.0052207377,21.777142812,10.480834014,42.2631975638
9359,13.0423978817,22.7637004088,8.65042694061,44.4565252312
18660,7.37123992624,28.6856905535,8.27500287596,44.3319333557
12692,7.55230651709,22.7474522056,13.5085839599,43.8083426826
35461,9.46360919228,22.0143424038,8.26374380707,39.7416954031
10983,9.99504768527,22.2177075111,8.8347383884,41.0474935847
7246,9.596387267,26.2584410315,8.34648500961,44.2013133081
38174,7.08130190997,28.9727234914,10.2001969455,46.254222347
19909,8.73874067933,22.5998619936,10.3883150028,41.7269176758
16411,9.20849082129,22.2796641623,8.27585896073,39.7640139443
37892,12.6766163142,27.074744033,9.26121790487,49.012578252
15238,8.86311202182,21.363133755,9.15027587132,39.3765216481
5871,9.44521716914,20.9181944529,9.69310390399,40.056515526
1632,7.13206062242,24.3590082966,8.77702957155,40.2680984906
14815,6.23763360908,21.7597084638,8.52857696034,36.5259190332
39913,11.5665213921,23.9414496664,8.28355643129,43.7915274898
5823,6.14653457085,22.6970512126,8.99672337212,37.8403091556
10279,11.0109712341,25.5947671251,8.34918297298,44.9549213322
14520,6.30796336043,26.7944572917,8.39930632288,41.501726975
10262,19.7831657937,26.0897777904,11.8705385994,57.7434821835
18143,10.0266305899,20.9314522215,8.7506933201,39.7087761315
14145,10.0659666125,23.1137905559,9.05346069453,42.2332178629
8994,6.8971027266,22.4323789884,9.52942018399,38.858901899
25480,7.61627278563,22.3864535517,8.84771324411,38.8504395814
19674,6.62923126167,21.9075912185,10.2105088871,38.7473313672
7343,9.094647432,23.8796775943,10.6542732123,43.6285982387
11109,10.9618079507,22.8739271541,9.45643529761,43.2921704024
33822,10.2238218385,25.2495990215,8.84286472111,44.3162855811
31163,12.257786914,21.7895518078,9.69158663371,43.7389253554
17818,9.09630580235,21.0190256788,9.30299896713,39.4183304483
17677,8.38106007065,23.4181441654,8.62131751478,40.4205217508
2983,10.1802326591,23.3412331866,9.92428162286,43.4457474686
29463,11.5417334236,20.9622427781,12.1730338071,44.6770100088
35195,6.28194415282,25.5794624566,8.50101231217,40.3624189216
7807,8.17740759326,22.3586388222,8.49868214066,39.0347285561
27962,8.89076933804,24.7926641956,10.1104694307,43.7939029643
12816,11.2087669806,20.8283839814,10.9856657841,43.022816746
24753,5.65536736495,28.6574023765,8.13830697117,42.4510767126
27718,10.7646499224,24.6636476256,9.30523837772,44.7335359258
29536,8.80478934653,24.9528652809,9.92965320112,43.6873078285
7149,7.43916421922,21.4422501279,9.3385145612,38.2199289084
26885,10.6625230502,22.0995275152,9.25122644843,42.0132770139
19068,10.720945358,21.4165027363,9.72810914658,41.8655572409
35031,10.1360834087,23.8429982378,10.2193951705,44.198476817
6239,7.21015180631,24.7695173299,11.4693367814,43.4490059176
4029,9.20852162268,21.2184351058,8.83592418918,39.2628809177
9497,7.35435163414,22.8606473722,8.3773523074,38.5923513138
23863,13.4063210164,24.1585036197,8.85204470225,46.4168693384
8124,7.11554972145,23.074025798,8.4232226645,38.6127981839
33358,8.36194303706,21.9204674097,8.80489207295,39.0873025197
21099,9.92799668136,21.7578460425,9.35163393989,41.0374766637
37773,7.62814413934,27.6418625468,8.14532162534,43.4153283114
2359,9.61962863433,22.7610346429,10.2391476289,42.6198109062
25669,10.1393491292,25.051187867,12.3974773483,47.5880143445
16175,7.27153025478,24.5664242239,12.9661594718,44.8041139506
30798,20.3874633669,27.2242115409,8.87610278311,56.4877776909
27457,13.0732617287,21.6521345616,8.87398985101,43.5993861413
22314,7.85385539714,21.0051762412,8.61569256343,37.4747242018
4051,6.09399366428,23.1820700081,8.59946089233,37.8755245647
10139,7.99652341063,31.1693122546,10.9081667127,50.0740023779
23076,8.40746972575,25.4845530499,9.35350085402,43.2455236297
33694,7.15941492668,25.441093898,8.43897606522,41.0394848899
23914,5.39235148454,29.5874252674,10.054736142,45.0345128939
625,12.1634762928,21.3717679168,10.6002968578,44.1355410674
15632,10.790396979,21.0555829754,8.32179017265,40.1677701271
15976,8.70285747035,24.1661193552,8.71135735084,41.5803341764
8632,6.37455574675,23.7502223902,8.74202159129,38.8667997283
38543,13.3437551924,27.0629058516,10.8652301583,51.2718912022
20690,10.6548235459,35.3272927416,9.99215636951,55.974272657
19191,23.511845717,26.1260664577,10.333585431,59.9714976057
21290,9.00949727887,21.7975475208,8.81635261898,39.6233974186
21663,11.4368144292,22.2136449992,8.76319373685,42.4136531653
10665,14.0492729856,26.9820889305,8.97285756148,50.0042194775
20773,7.54321377807,21.2599165471,10.6382228905,39.4413532157
7521,8.07861048641,22.6692695571,8.79215386283,39.5400339063
36179,11.6912488007,21.5770303892,10.1643621511,43.432641341
8888,12.3441813479,24.0439850312,9.53770884964,45.9258752287
38904,7.56630921295,21.0286394283,8.64497777633,37.2399264175
11154,6.61260409857,22.6374539577,9.85196925144,39.1020273077
6164,12.2621886143,22.6698910178,10.5194415918,45.4515212239
2046,8.11845847496,22.9347287511,9.32004544633,40.3732326724
33063,16.6415409138,22.0623162276,8.4010727108,47.1049298522
24670,15.4712342539,21.4336943102,10.9921292063,47.8970577705
20722,13.0811956062,27.4634041938,14.9917028006,55.5363026006
741,5.82475951927,27.0736214446,9.08540670598,41.9837876698
21620,8.66312721995,22.7685716804,8.61767413232,40.0493730327
8966,12.8207023668,25.1969910222,8.33859583445,46.3562892234
39676,7.57704888637,23.2419106972,8.0664255165,38.8853851
36499,8.07085507072,21.2302082334,9.64381961807,38.9448829222
24241,9.97096873541,24.7637674849,9.36094768184,44.0956839022
36510,5.82930921009,24.0979852115,9.66840949444,39.595703916
27196,7.61585475124,22.7792377966,9.21657017805,39.6116627259
403,6.39529539613,21.1174967513,10.185776185,37.6985683324
35170,7.68408355139,25.0111626842,16.3649678389,49.0602140744
37838,16.2529479543,24.9898339145,9.31069246575,50.5534743346
39900,7.24654906399,21.8756565646,8.88415848389,38.0063641125
29618,20.0910783599,21.8758327308,8.30095441301,50.2678655037
14435,10.0847586614,21.5771648577,8.5995332854,40.2614568045
24118,10.6653209949,26.8055085856,8.64118226258,46.1120118431
33194,9.37547864342,21.0939459927,8.4565922462,38.9260168823
7010,6.18775951537,21.9987744895,9.33107542717,37.517609432
39242,8.69703221768,21.178273708,8.73590461114,38.6112105368
35642,8.09856336485,21.9851696785,10.4479720854,40.5317051287
32938,9.10670046875,21.3383956934,10.3607150033,40.8058111654
31472,7.59827711092,24.7159615621,9.77758784402,42.091826517
13973,12.5149412072,24.2049072566,9.09313226991,45.8129807337
3958,8.23264749685,26.5122822923,10.0538558926,44.7987856818
334,7.08902665742,27.8558685313,8.31523563051,43.2601308193
2525,12.9473859821,21.9687579495,9.43174206146,44.3478859931
37562,13.5652012738,24.0985533578,8.13586338177,45.7996180134
28377,13.3393601983,31.9997623736,10.8305609775,56.1696835494
5712,9.42547362202,22.7883226571,10.1997570208,42.4135532999
18628,9.53454725831,21.0515810269,8.51198450864,39.0981127938
5169,11.1003761056,20.9179932478,8.73607375251,40.7544431059
9552,17.3924874582,24.3663404288,8.046320249,49.805148136
16452,10.0759774234,23.4593340698,9.0748751621,42.6101866552
32821,15.4431406392,21.0597321057,8.82731309889,45.3301858437
9183,9.54176056097,24.5974304656,12.4323967478,46.5715877743
23232,7.85441986474,21.3213797814,10.2358497997,39.4116494459
23313,7.02947161287,22.9140671136,9.96760956863,39.9111482951
25310,9.29981830888,21.9071675393,11.5276105947,42.7345964429
29148,8.18646512267,23.7162926402,8.49344175882,40.3961995217
15320,8.06958172593,23.8016267765,8.32042213146,40.1916306339
26467,6.29302715032,21.4395860399,10.5207694672,38.2533826575
35084,15.3876515208,29.1961214883,9.2248293075,53.8086023167
18421,9.58713101147,22.4638438121,8.83378349707,40.8847583207
10208,7.6797104963,26.9250018002,12.8319799888,47.4366922854
6953,12.8170893577,21.8127068458,8.48768499809,43.1174812017
19187,6.67552168173,23.7991000163,9.30178092261,39.7764026206
13984,6.13542987941,25.6064594277,8.2588763687,40.0007656758
38622,10.1220531561,21.7505632634,8.32583159323,40.1984480127
2717,6.91822693425,22.9482954461,12.408724214,42.2752465943
28007,7.69833877704,20.6473090079,9.08974223788,37.4353900228
27327,12.5416654358,28.8775603612,8.25259757062,49.6718233676
36659,8.54182683838,21.5918041665,11.0677743347,41.2014053396
11577,8.72541840772,22.5512967307,8.22981195552,39.5065270939
7666,8.32542804175,29.7947607404,8.49669363556,46.6168824177
27612,15.5332199327,27.9592616371,8.40710064186,51.8995822116
3014,7.17156582475,20.7678417971,8.68319712671,36.6226047486
20900,7.68161707353,25.1414771996,9.29767749789,42.120771771
9109,8.45848852681,22.2204857365,9.23231988685,39.9112941501
1174,7.34556236849,28.0358205039,8.34851314253,43.7298960149
10504,8.81887031671,34.4857094149,8.16743378346,51.4720135151
39609,6.08054153427,22.6787812223,8.39646450085,37.1557872574
23636,7.56136432664,23.0699223325,8.7036571827,39.3349438418
35692,12.3461138586,24.2824937481,8.32675704061,44.9553646473
318,10.8065113125,22.5464336023,8.20769657061,41.5606414854
6374,12.3486160667,23.2265607944,8.43857391081,44.0137507719
28251,17.2445975983,22.8426382229,9.33991760525,49.4271534264
16913,8.06175545776,29.5545097177,7.87208202775,45.4883472032
31822,11.2614131135,27.2041301703,8.51710731376,46.9826505975
12812,9.71666726439,29.234354326,14.5605884008,53.5116099912
38196,14.9798523486,20.8511614004,8.92673606248,44.7577498115
28396,9.16521375604,22.3119193672,8.5790534467,40.05618657
39434,6.89114406258,25.1152464851,8.55207359646,40.5584641441
19547,8.8667158485,22.2202592787,9.36172778479,40.448702912
16733,12.2060590199,20.7045389902,8.38510299233,41.2957010024
13811,16.6284314682,29.2298731598,8.75597196005,54.6142765881
4606,8.31392317991,21.205212971,8.51448328001,38.0336194309
9549,9.06151202781,22.1512877363,8.68258794167,39.8953877058
14911,10.8377893451,22.072962809,12.2954273596,45.2061795137
22375,10.6657146968,25.4240994304,8.21845003153,44.3082641587
12518,18.9507027674,21.4866548552,9.64927064084,50.0866282634
19761,6.5448240069,23.371181109,8.5118897332,38.4278948491
36180,6.34414543227,21.8993932097,8.34128523968,36.5848238816
1966,9.80460194203,22.4478674952,8.69295737946,40.9454268167
33805,9.79747181949,21.4316024143,8.95592265911,40.1849968929
18182,14.5918066061,24.3031845697,8.9031757627,47.7981669384
7835,8.3081607439,23.4509631136,9.6622784551,41.4214023126
39531,9.91683693377,23.158964649,8.38828426888,41.4640858517
21964,6.74052270426,23.3065408259,11.6763787422,41.7234422724
39760,6.95278580568,24.8607906373,8.71656150476,40.5301379477
36174,20.9129224692,22.7162531331,8.9940692019,52.6232448042
17164,6.67168490994,21.0512820005,8.79636358914,36.5193304996
30742,13.8967525583,21.1422975529,8.49449505759,43.5335451688
35043,9.08393686284,22.1904589264,8.60195133112,39.8763471204
10990,12.6153950994,24.1741080879,8.9581450613,45.7476482486
17791,9.80989997328,25.6907064661,8.59825899739,44.0988654368
30741,9.45863021462,23.3248344555,8.93757216898,41.721036839
19925,8.3827142164,23.9321443571,8.41739088335,40.7322494569
13450,9.65842432477,21.826229798,10.1143844043,41.5990385271
482,9.69396024034,31.0041219534,9.18818776407,49.8862699578
38136,11.3450238718,22.3301718422,8.51107096115,42.1862666752
39421,7.18644500437,25.7325092038,8.39595717334,41.3149113815
23798,6.55307292932,23.4567978686,8.91117618801,38.9210469859
31474,10.9199371118,21.7777713035,8.42205495431,41.1197633696
4081,8.26240885595,21.2790333927,9.50980923205,39.0512514807
5006,13.3339600676,22.0036612022,8.45727552991,43.7948967997
29106,12.3382190716,23.4317533998,8.26924285342,44.0392153248
2591,7.35817422918,26.7551957945,10.5753369159,44.6887069396
11184,11.8232007985,23.3712838477,8.34976973405,43.5442543802
34066,16.0649800452,22.2912497322,10.066965622,48.4231953995
9322,14.1358682988,24.4176362101,8.1664982467,46.7200027556
38192,5.84508712886,36.8404570388,14.0205476535,56.7060918211
30494,7.69856656391,22.1640214337,9.0483783138,38.9109663114
37297,16.6520201363,24.4318032638,8.35213477346,49.4359581736
12621,12.0967293417,23.1807316136,8.35555123412,43.6330121894
37903,10.8083209783,27.1858948599,7.95594451699,45.9501603552
3758,6.65274340845,22.0305326321,9.56785584033,38.2511318809
20884,8.06636310003,22.8946250029,8.27661217706,39.23760028
13501,10.2172013204,26.9188901759,8.58298197658,45.7190734729
1575,10.5700142583,22.9707070089,9.56849360589,43.1092148731
8757,8.84076532825,28.46529817,8.73731412571,46.0433776239
13600,7.35445017252,22.801442669,8.49392904162,38.6498218832
29863,9.24414627632,21.5494192648,9.49509122549,40.2886567666
25046,7.49450092715,21.2374183864,8.61293095623,37.3448502698
29416,10.6718936885,22.5992869351,8.7499534158,42.0211340394
35361,10.9556756742,21.9446175965,8.80868019035,41.7089734611
9679,10.4066083176,23.648361508,9.03660381796,43.0915736436
22701,5.65023623574,28.5420443959,8.36816159863,42.5604422302
12369,5.72330838991,21.3294351278,9.36530429189,36.4180478096
2678,11.187574875,31.62979635,9.00824084702,51.825612072
38279,13.3048651207,21.4880237859,9.66329375016,44.4561826567
22547,14.7447891019,21.7442086232,8.30588061494,44.7948783401
6284,9.29897587805,21.3981182715,10.1200359685,40.8171301181
25008,7.23747991193,24.8648804993,8.55398713654,40.6563475477
13570,7.922192729,23.1195111557,9.29810492056,40.3398088053
19128,7.19134660593,21.8128736141,8.19172320694,37.195943427
35860,8.02236632033,21.7811217737,9.36961608271,39.1731041767
2154,5.92015526643,22.7262316314,8.69452246718,37.340909365
7565,13.309953146,21.9033578352,9.6221189968,44.835429978
27713,6.14789676933,31.7648117812,9.39804675954,47.3107553101
1360,7.85425354239,23.1288972219,8.77261841393,39.7557691782
26567,11.3864511222,21.4322267737,10.3697963653,43.1884742612
14072,13.017644107,22.7990612438,8.63898833139,44.4556936823
4297,15.5950091963,29.9183025724,8.46829756609,53.9816093348
13107,8.15651585211,23.5979907114,9.476436231,41.2309427945
37226,15.0289874336,22.698112206,8.28460001908,46.0116996587
17485,8.41804824456,21.5270171024,8.96442371844,38.9094890654
21977,11.8005508283,23.1961450379,8.82871415797,43.8254100242
12654,13.810626976,25.3760735052,8.21824634416,47.4049468254
423,12.4542848709,25.588231467,8.68991313983,46.7324294777
23878,8.32494578874,26.3846202303,8.44296352252,43.1525295416
23414,6.71901584027,25.1166590365,9.3273944485,41.1630693253
21734,11.097453772,22.0610044063,11.074479156,44.2329373344
4577,10.3336648051,23.3629350416,10.5243298444,44.2209296911
35304,10.4941299116,21.8200221156,8.0371591352,40.3513111624
5243,8.80489113883,30.4033167258,8.48886692477,47.6970747894
1900,7.87587253589,25.3335952126,7.74035885692,40.9498266054
32212,6.85867748518,21.7695064376,9.23790021455,37.8660841373
16200,9.53934456267,23.0730646959,8.29833216305,40.9107414217
39090,7.36805120025,27.8258295418,9.52461134248,44.7184920846
9194,15.735035947,22.5304976862,9.82214272955,48.0876763628
5568,11.243137499,20.8155299539,8.51023123382,40.5688986868
20082,11.1436117574,21.1477538895,8.92279992743,41.2141655744
9589,12.1757890838,23.8408659817,11.797091155,47.8137462204
21320,8.58968478561,23.5998542924,17.4479418118,49.6374808898
8031,9.22740376482,23.031895138,8.21145986849,40.4707587713
37390,7.50931027173,23.6715785066,8.32125037982,39.5021391582
13675,10.5055275197,22.501235176,9.05634757271,42.0631102684
19069,8.22171136518,21.4924217886,8.42049844365,38.1346315974
35924,9.58050880408,22.3726431329,8.54025681516,40.4934087521
35783,6.83060708244,21.756067594,8.80135717737,37.3880318538
20817,8.54475987766,21.8066303148,8.52385050797,38.8752407004
7541,14.5043541837,21.0352740571,11.7657327805,47.3053610213
33275,8.85118066283,22.6646099434,8.20438344453,39.7201740507
24921,6.00443953245,24.5642483041,8.78706604965,39.3557538862
37638,19.2601825897,22.0198619797,9.15027011618,50.4303146856
39926,8.13015967843,21.2430109647,8.44465071059,37.8178213537
3791,10.9114481026,23.5047567614,8.76977781826,43.1859826822
27050,7.85799078452,22.1133287333,9.1348840879,39.1062036057
37760,8.4548337275,29.2899591664,18.7093458154,56.4541387093
13364,8.78112502077,24.9412084101,9.74210627005,43.4644397009
37840,14.5019736064,25.1296435062,8.97881769433,48.610434807
37535,7.66877794222,22.5161392822,9.40321419916,39.5881314236
989,7.46284782935,20.8013632945,8.73772577686,37.0019369007
12027,7.22629600061,21.6318271973,9.72351398736,38.5816371853
5399,14.1841145087,21.5889843867,9.97861497386,45.7517138693
14150,11.983710362,21.0792571936,9.49946961838,42.562437174
36665,12.48623997,23.4335364119,9.3157362051,45.2355125869
7883,7.75427009748,27.8966018773,9.14925441747,44.8001263923
7110,6.58862361171,23.9644557981,8.27337704259,38.8264564524
16132,12.466804653,21.0749443344,8.58947553165,42.131224519
30078,10.4408630408,22.3137914574,9.61375991146,42.3684144097
1047,10.9797186095,28.0923366182,9.02360309293,48.0956583206
31413,14.0494902439,25.1021373665,8.18950742791,47.3411350383
19533,12.2927259551,23.9865336832,9.67938833101,45.9586479694
26055,7.71148996386,21.1832640052,9.25614573096,38.1508997
7382,6.47121018253,21.8462759629,9.48953001847,37.8070161639
37465,7.46959316128,22.8132004287,8.9071103585,39.1899039484
25729,9.79922276062,21.3961212846,9.54267439596,40.7380184412
20408,11.6143413353,25.7857283296,8.34598743772,45.7460571026
36270,5.62916905279,22.6561153655,13.1078880004,41.3931724187
8278,10.8973116069,21.597871864,8.43987296558,40.9350564366
3285,11.9898596839,21.0835266971,8.59460529533,41.6679916764
37208,6.08400820366,21.4388218538,8.67903147774,36.2018615352
24760,10.3808363881,24.0094033869,11.0131661311,45.4034059061
35893,7.54704746637,21.4144190933,8.17452220765,37.1359887674
39501,9.4914036135,32.4615390408,9.68111686459,51.6340595189
16513,9.47196211241,21.1092997172,9.09233886766,39.6736006973
5718,11.6664386682,21.2994284278,13.4967221125,46.4625892084
897,7.04707677515,27.0111228245,8.62701766486,42.6852172645
33485,14.8365926155,22.986639658,8.30600676217,46.1292390356
27664,10.7001270485,26.9417060325,14.1455194282,51.7873525092
14688,14.8993111888,21.5504339166,8.7156698025,45.165414908
29677,21.4566769099,21.6738098135,9.33560172835,52.4660884518
38526,11.7791831238,24.2192522472,8.6006524136,44.5990877846
20379,5.57625110761,29.8410898767,9.39960119428,44.8169421786
32108,9.58851343994,21.9329828797,7.83522940631,39.356725726
4429,7.38439991853,24.009068099,13.6850365218,45.0785045394
17638,14.6914979289,21.3121358895,8.73780054916,44.7414343676
12229,10.3472373196,23.0453778665,9.26977059715,42.6623857832
9867,11.8042795199,23.086156128,9.42448605499,44.3149217028
38783,18.480999665,27.3568336001,10.0927657206,55.9305989858
38016,10.4659378169,21.1485730705,8.0604418944,39.6749527818
21166,8.48244934266,23.9178650497,8.65084365106,41.0511580434
21520,6.1655416442,22.2964460573,9.07558827985,37.5375759814
32208,13.4241983864,21.6978057566,8.626006308,43.7480104509
12704,8.6184912721,28.6210159514,8.05009218529,45.2895994088
24891,11.2259795987,22.0497408253,7.81341283561,41.0891332596
35819,8.06614162185,22.3074683384,9.88328032857,40.2568902888
30604,6.5773303264,23.1841852909,12.2022152436,41.9637308608
3780,6.69832630391,27.0199626663,8.81246849929,42.5307574695
35619,8.13820411572,21.9562624308,10.2226285393,40.3170950859
25836,9.51869177326,28.5624790335,8.5899432484,46.6711140551
2311,8.18567735453,30.2939999274,8.8010811015,47.2807583834
16188,13.0443793614,21.1081937002,8.61544940777,42.7680224694
6402,13.3136889989,25.5198886449,8.67557868261,47.5091563264
14446,10.072160469,23.4046723061,8.44409911077,41.9209318858
18502,10.4916762011,22.4369754729,8.8176040023,41.7462556763
19829,9.01974667949,21.033740178,8.7541741139,38.8076609714
20993,6.62871921383,22.9766471456,8.55813130802,38.1634976674
30736,8.47656053465,26.4434030812,8.82411332879,43.7440769446
323,8.95282001226,22.6262166055,8.74963673934,40.3286733571
4425,8.03473549484,21.7619961754,8.33629817336,38.1330298436
25783,10.3726904431,22.5102650898,10.4241376779,43.3070932108
4346,8.13530316272,22.8440891574,9.23929145165,40.2186837718
31911,11.2517301441,27.4505902911,9.8435451373,48.5458655725
30751,7.59603590212,21.4092630838,8.37152365686,37.3768226427
34173,15.5313125545,26.8166172658,8.44046507102,50.7883948914
14684,9.08023260756,25.9682580284,10.8332623552,45.8817529911
24848,10.3186451098,24.5086525853,8.49131825977,43.3186159549
29971,12.3239596208,22.0176269973,10.0456722018,44.3872588199
32565,13.3271231266,22.0295463019,10.1214336876,45.4781031161
33686,9.4229549661,21.6634591982,8.96593511058,40.0523492749
3882,15.0684420029,22.2990171373,8.9914390309,46.3588981711
13002,6.91925228378,25.1182894865,10.576737192,42.6142789623
16603,6.00468261797,22.9280764953,12.8431628716,41.7759219849
20981,6.73921658812,21.4106745422,10.5635014585,38.7133925887
1610,7.96430380348,29.0663932842,8.41757348548,45.4482705732
35405,8.2204747787,23.282835413,17.1151077009,48.6184178926
35597,10.9201726604,23.5110348533,11.2295803512,45.6607878649
9756,10.0190514572,22.5419688952,8.61997230427,41.1809926567
34132,11.0377643946,22.7149952796,10.1957371277,43.9484968018
6538,20.6041712261,24.2698424498,9.98152777466,54.8555414506
15171,8.41012373478,21.6808225974,14.055685306,44.1466316382
37571,6.98624330863,25.6159275526,8.9371387611,41.5393096223
35531,12.7393663183,22.4165290154,7.97595839668,43.1318537305
21454,7.73519758127,23.9103067291,8.3969750478,40.0424793582
950,10.7972070116,22.6459064055,8.91437587493,42.357489292
23192,8.39361092772,21.1474623912,9.55663155594,39.0977048749
28089,6.9230129605,21.6285517076,8.32912904884,36.880693717
21729,7.87930346364,27.4798897672,9.4445275603,44.8037207911
25930,9.49068978902,24.3129821609,10.6530662572,44.4567382071
34042,8.63592065918,22.7135980057,8.27238330148,39.6219019664
9399,10.5694321574,22.4023040175,8.92652443015,41.898260605
19924,13.2301159169,21.4188154213,9.77683213566,44.4257634738
12158,11.5698603581,22.2254884577,11.292696893,45.0880457089
13090,18.2758975557,25.193565108,8.5195340883,51.9889967519
21171,19.5715256144,24.7278445153,10.9473792061,55.2467493358
29815,9.29670709417,22.7794288862,9.11329984454,41.1894358249
23375,15.1266420371,28.0060626705,9.13481888455,52.2675235921
36377,10.825500553,24.8367436829,9.99095052159,45.6531947576
20574,6.66461228995,26.1203005243,8.93478626545,41.7196990797
39445,8.95827089633,21.4562627847,8.93022524493,39.344758926
16249,20.7332672319,21.446126636,10.1164679673,52.2958618352
27325,13.6392671153,26.3573864318,9.29642769752,49.2930812447
33661,9.77006228068,29.0249479475,8.27101475941,47.0660249876
36376,9.16948049486,22.0439816462,8.52626994968,39.7397320907
2588,12.5195087557,22.8249292979,8.28777334181,43.6322113954
2349,11.5455554274,22.1806640733,13.7960278058,47.5222473065
27420,18.8952546469,22.0104594408,8.16814224591,49.0738563336
34372,6.8365019216,25.3925127572,11.0218243918,43.2508390706
10450,7.7764961229,26.9255633674,8.57685260047,43.2789120907
35919,6.66670426302,22.8365052066,8.03476939636,37.537978866
19723,19.4851875614,22.7308111257,8.78979117912,51.0057898662
19859,9.48760529055,22.0458597667,8.0583862577,39.5918513149
11952,9.59602079242,25.0341635308,8.12739792799,42.7575822512
37270,11.8624932815,34.4554532787,8.80019173818,55.1181382984
13442,10.8953948437,22.1668320582,10.0255593104,43.0877862124
19757,8.4653058762,24.7002454802,8.51565609299,41.6812074494
6588,9.26759703254,24.9993169154,9.82789913973,44.0948130877
7973,9.00449103857,23.6132268411,8.82603203388,41.4437499135
6484,8.46261192207,22.8941802306,9.08599996902,40.4427921217
16445,13.8048878821,23.9567677017,8.1090352501,45.8706908339
6757,6.70034726658,21.8595164336,16.4730797327,45.0329434329
27682,7.94198645133,22.3139212705,8.64769045455,38.9035981763
25433,5.41663627372,25.0263087163,12.0683506566,42.5112956466
